customer_id,first_name,last_name,contact_number
1,Jacqueline,Foley,025-769-7411x8499
2,Jill,Allen,(979)765-6297x94955
3,Michael,Patrick,(765)169-2398x788
4,Keith,Roth,(744)943-1427x657
5,Jessica,Huerta,059.342.7212
6,Jacob,Lowe,+1-698-980-6094x4678
7,Robert,Evans,(881)037-5725x135
8,Gina,Parks,001-786-271-4907x936
9,Denise,Glass,143.844.0557
10,Mario,Craig,+1-782-296-0473x859
11,Natalie,Washington,(824)407-8729
12,Michael,Zamora,804-722-5650
13,Shawn,Mcpherson,(686)028-4941x61887
14,Maria,Washington,963-979-5162
15,James,Carrillo,(512)261-6049x242
16,Theresa,Harmon,279.821.0094x5430
17,Laura,Hobbs,+1-154-332-2365x15024
18,Isabel,Harris,328.290.5919x66333
19,Reginald,Sandoval,001-607-964-5873x144
20,Jon,Brown,347.601.9189x157
21,Robert,Foster,001-691-103-3687x302
22,Robert,Burton,069.388.5935
23,Jason,Nunez,001-898-035-2598x13471
24,Scott,Miller,994.725.9608x5024
25,Madison,Oneill,(609)987-9826
26,Shirley,Brown,643.321.3616x0880
27,Jennifer,Caldwell,001-741-559-5860x1061
28,Rachel,Jackson,677-974-8477x7399
29,Heather,Brooks,(400)975-9259
30,Jake,Mitchell,222.031.0774x06952
31,Misty,Reid,(934)328-7216x401
32,Sherri,Lewis,468-861-2810
33,Daniel,Reynolds,(994)168-4148x14604
34,Matthew,Rocha,(410)664-4699
35,Joseph,Harris,(522)877-9952
36,Vincent,Patton,001-044-560-2598x0707
37,Katherine,Taylor,(219)287-3858
38,Tracey,Smith,(599)647-1544
39,Debbie,Moore,434-590-4320
40,Christopher,Lambert,001-054-946-4168x8212
41,Aaron,Walsh,117-966-2263x537
42,Austin,Cooper,+1-528-409-2892x692
43,Katie,Davis,904.880.6570x0313
44,Sarah,Fox,001-836-828-0903
45,Amanda,Moore,001-731-352-1489x25406
46,Claire,Henderson,182.814.9478x4674
47,Susan,Henderson,(649)426-5888x5856
48,Rachel,Brown,150.682.2143x06083
49,Megan,Roberts,(371)129-9335x388
50,Diana,Webster,001-028-432-0389x02079
51,Joshua,Mckenzie,(482)741-9689x31381
52,Michael,Thomas,(014)687-3422x11759
53,Emily,Smith,340.026.0175
54,Amanda,Ramirez,024-538-8598x57697
55,Jennifer,Brady,974-222-0372x762
56,April,Paul,001-448-448-3419x4201
57,Richard,Hill,698-934-7352
58,Heather,Young,(803)088-9491x3479
59,Timothy,Anderson,539-676-8223
60,Patricia,Ruiz,145-969-0711x5717
61,Jennifer,Patterson,+1-616-024-9799x91741
62,Patricia,Jones,163-333-3713x08579
63,Caroline,Sweeney,051.692.5771
64,Gary,Riley,001-638-124-8562x4303
65,David,Frazier,+1-327-878-8780x75785
66,Lindsey,Ruiz,001-926-487-2945x5801
67,Amanda,Bell,(479)670-7621
68,Jessica,Perry,614.682.2102
69,Fernando,Walker,468.933.4964x045
70,Taylor,Torres,037.621.0448
71,Mary,Torres,001-508-440-3781x06015
72,April,Henderson,811.174.2104
73,Penny,Moore,775-620-2142
74,Phillip,Hester,001-915-010-5987x08153
75,Nicole,Elliott,917-806-2644
76,Leonard,Wood,001-341-073-5434x3894
77,Linda,Sanchez,(642)223-1697x597
78,Tyler,Parker,(893)330-8568
79,Timothy,Morris,415.686.4113x3234
80,Russell,Edwards,001-380-271-4361x7890
81,Sydney,Martinez,(065)337-1658x05899
82,Stacey,Lawrence,001-041-082-2746
83,Rebecca,Barnes,(815)316-8180x399
84,Tyler,Parker,(779)525-9914
85,Benjamin,Barry,(928)190-3548x7578
86,Valerie,Phillips,044.984.9339x50637
87,Erica,Kane,(689)365-2321
88,Trevor,Edwards,001-769-296-7679x00950
89,Michelle,Foster,+1-418-345-3588x54452
90,Sherry,Jordan,(746)318-0816
91,Tiffany,Garcia,+1-457-377-4883x99526
92,Bryan,Dunlap,(450)191-7996x7514
93,Daniel,Davis,001-759-486-2725x6579
94,Joshua,Lopez,+1-152-040-6550x74779
95,Amanda,Melton,+1-873-152-8248x141
96,Kyle,Ford,(136)641-0906x214
97,Jane,Chung,(160)233-7463
98,Jackie,Russell,001-292-527-7907x695
99,Benjamin,Bailey,503-405-9512x77205
100,Melissa,Williams,836-318-9427x58601
101,Monica,Fleming,001-249-530-7779x3903
102,Shawn,Jackson,001-633-657-2098x738
103,Jeffery,Waters,+1-931-457-4469x245
104,April,Herman,389-873-2106
105,Matthew,Miller,383.676.7843x9412
106,Laurie,Daniel,808.482.6474x4241
107,Robert,Stevenson,(639)251-7658x36689
108,Courtney,Smith,001-896-681-2348
109,Andrew,Colon,561-861-8217x809
110,George,Myers,+1-780-091-8494x50894
111,Robert,Fischer,+1-322-409-2355x059
112,Michael,Scott,915.764.8559
113,Jason,Floyd,001-418-161-1186x185
114,Edward,Martinez,988.947.3343x00861
115,Olivia,Hendrix,(018)483-1639
116,Vanessa,Mccarthy,814.900.5487x371
117,Anthony,Rodriguez,882-047-7944x48609
118,Dawn,Day,346.717.8742x2979
119,Julie,Wilkins,(534)123-8965x0870
120,George,Weber,001-002-349-3525x793
121,Ann,Ward,001-939-030-5883
122,Deborah,Ford,055-326-4814
123,Dustin,Lee,448.811.2889x1500
124,Jonathan,Rogers,620.714.5769x165
125,Richard,Jordan,+1-842-361-2023x292
126,Melinda,Gregory,+1-580-508-0155x165
127,Samantha,Garrett,(469)338-1706x27108
128,Bryan,Chandler,001-135-709-4538x9059
129,Joanne,Park,001-088-903-7399x901
130,Diane,Garrett,001-027-845-4731
131,Cynthia,Walker,001-771-578-7421x0038
132,Jesse,Quinn,172-693-4765
133,Charles,Bell,(743)479-4576
134,Deborah,Lynch,+1-165-586-4456x1125
135,Alexis,Brennan,(198)298-1085
136,Andrea,Davis,234.162.3341x1612
137,Elizabeth,Baxter,(956)593-0455
138,Joel,Kirk,680-770-5476
139,Keith,Scott,655-326-8119x8037
140,Tara,Mcknight,944-078-3943
141,Tammy,Medina,+1-168-056-2199x908
142,Hannah,Wolf,001-924-757-4463x1502
143,Amy,Thomas,861.786.9810x823
144,William,Holmes,433.982.3460
145,Mackenzie,Thomas,3023433954
146,Tammy,Anderson,001-576-987-8575x2130
147,Sharon,Gordon,(345)588-5712
148,Shannon,Luna,001-633-845-2384
149,Marissa,Bruce,001-021-292-9324x95370
150,Juan,Wagner,389.395.0035x514
151,Meghan,Garcia,658.604.3997
152,Tiffany,Lynch,531-257-7625
153,Walter,Lynch,130.626.8806
154,Louis,Larson,593.503.7500x30568
155,Melissa,Morales,606.197.6835
156,Heather,Roberts,+1-244-989-7866x5290
157,Robert,Novak,001-522-293-2970x374
158,Katherine,Snyder,328-119-1928
159,Jamie,Washington,001-626-913-3598x0503
160,Matthew,Davis,+1-044-699-3218x776
161,Valerie,Carter,001-301-228-2222
162,Bradley,Morrow,466-127-6481x66814
163,Yvette,Hardin,001-279-194-4443x8887
164,Mark,Day,(102)200-2013x64682
165,Andrea,Brewer,+1-271-640-6878x8918
166,John,Tate,843.403.2150x83331
167,Phyllis,Knight,001-847-290-0587x4513
168,Anna,Wallace,878-379-1932
169,Jessica,Moore,036.510.9918x660
170,Juan,Williams,(123)761-5950
171,Lisa,Owens,(454)744-6802
172,Maria,Hall,197-576-1532x677
173,Thomas,Jones,+1-300-132-6156x559
174,Jennifer,Pratt,(398)338-2414x27784
175,Ryan,Rose,362.460.2035x367
176,Troy,Williams,001-124-003-9642x1583
177,Melissa,Wong,599-208-1529x388
178,Linda,Mills,001-554-652-7906x1410
179,Bruce,Simpson,672.010.7461x129
180,Heather,Hicks,349-771-9686
181,James,Richardson,+1-527-490-6125x899
182,Paul,Smith,715.209.5486x8794
183,Michael,Brown,135-278-5564x56443
184,Joyce,Young,(554)860-5558x225
185,Tiffany,Bass,001-244-972-6429x2609
186,Michael,Brandt,142-341-1357x1528
187,Mia,Wallace,437.590.1805x21091
188,Bethany,Noble,001-989-802-3128x571
189,Brian,Wilkins,513-439-7491
190,Cameron,Wyatt,001-808-395-2801x75397
191,Matthew,Gutierrez,001-179-190-4384
192,Andrea,Schmitt,+1-745-688-5401x500
193,Jonathan,Harris,857-650-2631x78116
194,Ryan,Williams,+1-001-060-0658x0427
195,Danielle,Henderson,+1-095-523-0922x335
196,Michael,Hanna,501.481.1156x014
197,Frederick,Haley,(686)380-7194x69183
198,Brenda,Tran,001-938-819-7507x4905
199,Anthony,Gray,(792)257-2825x45714
200,Shannon,Ali,+1-740-470-6868x661
201,Michelle,Mercado,+1-887-853-9718x48713
202,Stephanie,Foster,(879)470-3975x2101
203,Marilyn,Wilson,(959)470-8605
204,Gregory,Ramirez,417.201.4404x76218
205,James,Mosley,+1-287-295-5834x787
206,Christopher,Payne,505-479-7270x870
207,Katie,Johnson,+1-755-425-5057x59835
208,Emily,Rios,(491)984-6378x22128
209,Kevin,Glenn,705.390.9441x1065
210,Andrea,Bell,011.585.9671x65331
211,Matthew,Andrews,001-779-184-1084
212,Eileen,Bryant,001-234-540-3062
213,Daisy,Mason,812.028.0572
214,Rebecca,Carter,001-606-873-2491x0741
215,Chad,Berg,(122)589-4443x86660
216,Daniel,Lyons,057-748-3152x8114
217,Brittany,Lara,(801)817-9095x2276
218,Gregory,Gomez,001-828-691-3549x8034
219,Brian,Williams,+1-769-138-0271x01794
220,John,Hudson,+1-838-070-8618x0445
221,Sandra,Chapman,001-782-133-3353x705
222,Jesse,Dillon,(803)076-7345
223,Jaclyn,Parker,748-515-3102x36148
224,Darrell,Chan,130-481-3966x3419
225,Justin,Ortiz,261.480.0687
226,Holly,Melton,+1-967-101-0100x3875
227,Melissa,Brown,(220)699-8143x69303
228,Michael,Mack,(271)111-8655
229,Brittany,Walker,(087)605-3080
230,Hannah,Adams,001-682-374-8339x5232
231,Tracie,Little,(362)927-0183x0873
232,Eric,Gray,098-761-6453
233,Patrick,Jenkins,(771)991-0229x4578
234,Dennis,Brooks,532-729-5017
235,Eric,Scott,797-750-8476
236,Sheila,Dunn,001-979-839-4617x35411
237,Kathleen,Flores,(684)854-4610x564
238,Ashley,Young,(145)216-2563
239,Jody,Chapman,(949)581-2787x26194
240,Heather,Grant,001-311-913-3773x273
241,Alexander,Williams,773-993-3413x5799
242,Geoffrey,Hunter,340-076-5450x293
243,Phyllis,Smith,001-818-704-2594
244,Michele,Owen,844-767-5173x31549
245,Ana,Carpenter,001-265-343-9244x4566
246,Paige,King,704.734.4902
247,Joseph,Butler,+1-158-927-9700x2540
248,Noah,Stephenson,494.985.8073
249,Daniel,Owens,001-780-007-5480
250,Michelle,Lee,271-075-4562x5305
251,Leslie,Rice,(038)846-6448
252,Lauren,Wright,942.131.0330
253,Brenda,Flores,724-146-4867
254,James,Benson,001-502-689-2145x2572
255,Larry,Martinez,+1-725-624-2919x32576
256,Lisa,Davis,+1-565-170-3997x7045
257,Amy,Martinez,014-967-8015x30329
258,Joseph,Mckee,(306)478-2233
259,Nicole,Butler,411-618-0802
260,Pamela,Nguyen,(011)495-2745
261,Jessica,Todd,+1-860-482-3026x9566
262,Nathan,Henderson,322.376.3921
263,Amy,Harris,596.724.3643x90033
264,Tracy,Walton,(229)460-5485x1418
265,Cheryl,Ferguson,001-884-339-2282
266,Diane,Jackson,001-273-760-2115
267,Anna,Todd,001-113-911-3325x9464
268,Jessica,Schmidt,001-122-532-6647x7106
269,Jennifer,Stark,038-944-6314x544
270,Edward,Ortega,576.011.9850x5590
271,Tracey,Zimmerman,788.982.8092x0683
272,Briana,Ballard,001-309-466-2892x0276
273,Elizabeth,Mcdonald,(101)144-7712
274,Gabrielle,Flynn,774.873.1641
275,Brenda,Sexton,001-870-558-1723x64459
276,Thomas,Huffman,001-566-425-4496x3242
277,Jesus,Johnson,246.915.0891x4039
278,Paul,Reyes,267.589.7147
279,Nicholas,Johnson,(198)099-5313x70936
280,Patricia,Pierce,(650)145-3937
281,Stephanie,Le,001-132-286-6891x88978
282,Linda,Hines,001-932-346-7089x90431
283,Gary,Taylor,581-048-6316x5906
284,Morgan,Baker,+1-050-744-0159x821
285,George,Richardson,+1-402-298-0506x881
286,Richard,Vaughn,913-172-2509x915
287,Phillip,Phillips,+1-843-866-8463x386
288,Kimberly,Hernandez,575.393.7334x49834
289,Cody,Edwards,+1-965-889-3127x84237
290,Anne,Bradshaw,001-788-258-3191
291,Christopher,Waters,399-539-7682
292,David,Allison,001-472-636-4054x7503
293,Angela,Salinas,001-285-586-7448x333
294,David,Hernandez,+1-207-360-2278x21027
295,Mark,Brown,905-368-3351x25180
296,Dorothy,Davis,001-132-044-0938x3889
297,Jonathan,Wells,001-510-867-1831x677
298,Pamela,Parker,(302)004-5103
299,Henry,Goodman,(249)328-4265x96788
300,Damon,Thomas,976.498.0744x621
301,Ellen,Gonzalez,(045)756-8838
302,Jeffery,Schneider,001-715-178-8610
303,Jennifer,Fernandez,001-459-203-4188
304,George,Dean,001-176-579-3110x526
305,Joel,Patterson,971-141-7346x2267
306,Lisa,Pierce,(143)657-4534
307,Shelley,Anderson,857-824-0882x2508
308,Kyle,Clark,894-197-3735x417
309,Natasha,Moore,308-009-4829x0698
310,Margaret,Shea,+1-115-920-6027x791
311,Richard,Cook,+1-451-900-6972x8292
312,Joseph,Cline,331.483.9524x215
313,Michele,Freeman,360.041.0026x6922
314,Matthew,Miller,+1-531-089-6054x58191
315,Sean,King,(321)073-6471x6096
316,Pedro,Holland,826-737-4657x0415
317,Diane,Carlson,+1-237-297-9437x4703
318,Jesus,Mccoy,001-489-033-0775x0315
319,Michael,Wilkinson,+1-547-224-8327x57356
320,Ian,Cruz,001-742-665-6989x82901
321,Raymond,Dillon,082.187.3619
322,Sara,Johnson,(678)811-2108x55789
323,James,Williams,001-346-608-2424x78025
324,Emily,Meyer,203.991.4017x623
325,Michael,Smith,+1-444-543-7331x09994
326,Christina,Burton,(685)595-1963x51980
327,Nicholas,Sims,001-711-323-6252
328,Darren,Willis,(149)316-7829x26455
329,Linda,Anthony,+1-302-217-1165x2903
330,Alyssa,Jackson,185.365.0772
331,Kristin,Erickson,+1-296-371-6877x76925
332,Joshua,Small,(190)996-5214
333,Rebecca,Torres,(719)945-7221
334,John,Day,490.697.3567x509
335,Brian,Garrison,001-052-422-9799x39552
336,Michael,Blevins,947-326-2405x6250
337,Timothy,Hess,(068)668-1902x855
338,Michael,Scott,001-783-505-2646x63981
339,Jessica,Sanchez,629.079.2332
340,Brenda,Hawkins,730.709.1565
341,Ashley,Wagner,713.010.4531x1690
342,Brooke,Williams,001-808-433-1391
343,Matthew,Fuentes,853.633.9245
344,Sarah,Young,(096)809-5187x81153
345,Erik,Baker,(597)432-6200x43063
346,Steve,Fisher,001-543-210-7112
347,Jacqueline,Holland,217-285-9813x8261
348,Michelle,Mcdonald,606.508.6319x36304
349,Elizabeth,Mcbride,001-177-772-9264x82793
350,Matthew,Harris,965.806.6417
351,Kimberly,Berry,313-390-4700x30544
352,Cheryl,Ingram,(247)824-8774
353,Isabella,Wells,001-995-961-7309x5579
354,Ashley,Anderson,091.868.4374
355,Raven,Gallegos,844.587.8383
356,William,Wong,605.378.9364x096
