﻿age ,sex ,bmi ,children ,smoker ,region ,charges 
58,Male,32.5,5,Yes,Colombia,202440
50,Female,26.5,1,No,South Korea,885118
35,Female,33.5,3,Yes,Australia,164792
40,Male,25.5,0,Yes,Canada,806769
41,Male,31.5,3,No,Nigeria,751556
23,Female,24.5,5,Yes,Mexico,887650
44,Male,23.5,5,No,China,667500
38,Male,20.5,2,No,Canada,520366
70,Male,31.5,4,No,Chile,80495
41,Male,30.5,2,No,Philippines,678272
61,Male,31.5,0,Yes,Russian Federation,313209
66,Male,29.5,2,Yes,Indonesia,437496
18,Female,23.5,4,Yes,Spain,395206
48,Female,26.5,0,No,Nigeria,528056
27,Female,22.5,3,Yes,Colombia,455245
51,Male,33.5,3,No,Costa Rica,308736
52,Male,29.5,3,No,Russian Federation,542604
24,Female,19.5,1,No,Mexico,871168
28,Male,28.5,2,Yes,United Kingdom,836002
21,Female,19.5,3,Yes,Netherlands,833392
68,Female,28.5,2,No,Costa Rica,127295
45,Female,29.5,1,No,China,898385
20,Male,19.5,2,No,Austria,621327
70,Female,29.5,1,Yes,Chile,321880
40,Male,27.5,2,No,Poland,106628
70,Male,24.5,2,Yes,Mexico,102219
24,Female,25.5,0,Yes,Australia,910104
29,Male,33.5,2,Yes,China,167657
35,Male,19.5,4,No,Vietnam,177082
57,Female,30.5,4,No,New Zealand,596881
56,Male,33.5,5,Yes,Mexico,916861
25,Male,34.5,2,Yes,India,129413
21,Male,29.5,0,Yes,Nigeria,71863
39,Female,29.5,5,No,India,421782
25,Male,25.5,2,Yes,Poland,231172
68,Male,24.5,2,No,Nigeria,894213
48,Female,34.5,3,No,Ireland,460046
59,Male,20.5,5,No,Russian Federation,88197
55,Female,30.5,0,Yes,Canada,401211
26,Male,29.5,5,Yes,United States,866740
24,Female,22.5,4,No,Chile,216892
54,Male,24.5,3,No,China,311523
37,Male,29.5,3,Yes,Netherlands,852083
46,Female,31.5,5,No,Canada,528279
18,Male,30.5,1,No,Turkey,75909
62,Female,34.5,3,No,Austria,414298
30,Female,34.5,5,No,United States,205960
44,Female,20.5,2,Yes,Italy,906601
54,Female,27.5,1,Yes,Russian Federation,171558
50,Male,23.5,3,No,Vietnam,391666
38,Male,24.5,3,Yes,Poland,394301
65,Female,25.5,0,Yes,Sweden,733448
46,Female,32.5,3,Yes,Canada,143182
66,Female,32.5,5,Yes,Vietnam,531652
55,Female,28.5,3,No,Indonesia,131622
32,Female,29.5,1,No,India,694590
20,Male,18.5,5,Yes,United States,416304
51,Female,19.5,1,Yes,Norway,579108
38,Male,31.5,1,No,Turkey,600655
70,Female,30.5,3,No,Sweden,344291
69,Female,29.5,3,Yes,Poland,286457
58,Female,34.5,1,Yes,United Kingdom,768721
58,Female,24.5,5,Yes,India,745270
60,Male,21.5,1,No,Austria,305056
30,Female,29.5,2,No,Norway,80550
16,Male,20.5,1,No,Brazil,156746
24,Male,24.5,1,No,Turkey,395416
57,Female,26.5,2,No,Poland,147241
66,Male,19.5,5,No,Turkey,700827
51,Male,25.5,3,No,Canada,65062
40,Male,28.5,2,Yes,Vietnam,849842
54,Female,28.5,3,No,Canada,308435
67,Male,27.5,4,Yes,Ukraine,59848
26,Female,22.5,1,No,Netherlands,421821
46,Female,21.5,1,No,Costa Rica,365650
42,Female,30.5,4,No,Mexico,13386
16,Male,20.5,1,Yes,Ukraine,83629
46,Female,25.5,1,No,Ireland,661903
42,Female,22.5,2,No,United Kingdom,819240
46,Male,21.5,2,Yes,Norway,662675
26,Male,21.5,1,No,Turkey,955699
23,Male,20.5,2,Yes,Ireland,607285
39,Male,23.5,5,No,Colombia,424226
28,Male,33.5,2,No,Norway,972077
37,Male,34.5,1,Yes,South Korea,876414
43,Male,32.5,2,No,United States,135677
37,Female,32.5,5,Yes,Vietnam,253873
38,Male,29.5,0,Yes,Chile,213981
41,Male,29.5,5,Yes,Russian Federation,907177
35,Male,24.5,0,No,Costa Rica,98663
58,Female,33.5,1,Yes,Spain,295750
40,Female,29.5,4,No,India,966556
35,Male,28.5,3,No,Austria,260144
56,Female,29.5,2,Yes,Mexico,906083
54,Male,30.5,4,No,Brazil,167315
66,Female,24.5,1,No,Singapore,373901
33,Female,25.5,3,No,New Zealand,365666
42,Male,30.5,3,Yes,Germany,279858
34,Female,21.5,1,Yes,South Korea,621926
56,Male,21.5,2,No,Colombia,924540
62,Male,24.5,1,No,Austria,377998
28,Female,18.5,5,No,China,183535
42,Female,29.5,5,Yes,Poland,94781
19,Female,34.5,0,No,Peru,932120
33,Male,23.5,2,Yes,India,601052
34,Female,31.5,3,Yes,Austria,841463
20,Male,22.5,5,No,Philippines,548215
30,Female,29.5,3,Yes,United States,834813
60,Male,23.5,4,Yes,Mexico,95323
56,Female,29.5,4,Yes,Turkey,757266
40,Male,34.5,3,No,Sweden,91724
23,Male,25.5,1,Yes,Vietnam,435423
33,Female,30.5,3,No,Ukraine,193403
18,Male,32.5,2,Yes,Vietnam,758966
44,Female,22.5,3,No,Pakistan,339983
52,Male,34.5,4,Yes,Australia,447783
20,Female,25.5,1,Yes,Brazil,172416
56,Male,26.5,3,Yes,Pakistan,386368
26,Male,28.5,1,Yes,Italy,504973
18,Male,22.5,1,No,Colombia,728202
35,Male,19.5,1,No,Pakistan,596787
63,Male,22.5,5,No,Colombia,268096
28,Male,31.5,5,No,India,199490
34,Female,26.5,4,No,Costa Rica,738199
63,Female,27.5,5,No,United Kingdom,654080
18,Male,25.5,0,No,South Africa,301995
38,Male,25.5,1,Yes,Norway,574321
39,Male,30.5,2,No,South Africa,779329
29,Male,20.5,4,Yes,South Korea,687597
20,Female,22.5,2,Yes,China,884317
25,Male,30.5,0,Yes,Italy,756725
62,Male,21.5,2,Yes,Poland,619778
66,Female,20.5,4,No,Chile,621200
16,Female,31.5,4,No,Chile,811387
23,Male,30.5,3,Yes,New Zealand,119363
67,Female,31.5,1,No,India,306923
66,Male,30.5,4,Yes,Singapore,557287
52,Female,22.5,0,Yes,South Korea,884736
39,Male,27.5,4,Yes,Mexico,7874
67,Female,32.5,4,No,Colombia,926333
27,Female,34.5,0,No,South Korea,735177
27,Male,22.5,0,No,Mexico,777142
54,Male,18.5,5,Yes,Pakistan,909421
66,Male,27.5,2,No,India,402440
40,Male,18.5,3,No,Nigeria,448210
48,Male,24.5,1,No,Belgium,881232
16,Female,23.5,2,Yes,Norway,248521
68,Female,31.5,0,No,Chile,196374
65,Male,29.5,1,Yes,Costa Rica,440577
65,Male,30.5,2,Yes,Costa Rica,499585
23,Female,19.5,3,Yes,Belgium,89999
20,Male,23.5,1,No,Pakistan,980553
62,Female,32.5,4,No,China,503435
22,Female,26.5,4,No,Chile,183968
20,Male,24.5,2,No,Germany,581567
51,Female,34.5,4,Yes,Belgium,609354
61,Male,27.5,4,Yes,New Zealand,658805
68,Female,27.5,2,Yes,Costa Rica,126789
47,Female,20.5,4,No,Mexico,418236
69,Male,19.5,2,Yes,Canada,415781
21,Female,21.5,3,Yes,Norway,299734
32,Male,21.5,2,No,Brazil,450345
35,Male,31.5,3,No,Colombia,629955
37,Male,21.5,2,Yes,Spain,246712
22,Female,20.5,3,Yes,Russian Federation,531988
62,Male,29.5,4,No,Spain,775626
56,Male,34.5,5,Yes,Russian Federation,430969
39,Male,21.5,4,No,Chile,808690
38,Female,31.5,0,No,Canada,459439
29,Male,33.5,0,Yes,China,288720
61,Female,34.5,2,Yes,South Africa,891691
15,Female,29.5,2,No,Italy,980553
23,Male,25.5,2,Yes,Philippines,670171
38,Male,31.5,3,Yes,Nigeria,346422
38,Male,22.5,0,No,Chile,638475
66,Female,25.5,1,No,Austria,606758
50,Female,24.5,4,No,Nigeria,405560
56,Female,28.5,5,Yes,Ukraine,248974
35,Female,19.5,2,Yes,Germany,554667
67,Female,32.5,1,No,Brazil,234500
56,Female,30.5,3,Yes,Canada,190631
18,Female,20.5,1,Yes,Vietnam,900654
49,Male,29.5,2,No,Brazil,440750
49,Female,25.5,4,No,Russian Federation,927719
57,Male,28.5,4,No,Ireland,515794
24,Male,34.5,4,Yes,China,398254
34,Male,34.5,2,No,Sweden,893146
23,Male,32.5,2,Yes,Nigeria,191639
45,Female,24.5,1,No,Australia,7880
28,Female,21.5,0,Yes,Pakistan,280868
53,Female,23.5,0,No,Poland,9029
20,Male,30.5,3,No,Turkey,823609
50,Male,25.5,0,No,Vietnam,858566
46,Male,28.5,2,Yes,Mexico,408278
32,Female,22.5,4,Yes,Indonesia,83460
16,Female,20.5,4,No,Canada,80132
58,Female,26.5,0,No,New Zealand,150063
45,Male,30.5,2,Yes,Spain,176833
47,Male,34.5,2,No,China,962382
38,Female,28.5,1,No,Norway,513882
53,Male,19.5,4,Yes,Indonesia,415032
22,Female,29.5,3,No,Australia,407015
41,Female,29.5,2,No,Colombia,122807
22,Female,31.5,1,Yes,Chile,701280
61,Female,34.5,4,Yes,Austria,197627
47,Male,22.5,1,No,New Zealand,105605
66,Male,29.5,1,No,Norway,896412
24,Male,28.5,2,Yes,Spain,591548
44,Male,31.5,4,No,Australia,476101
25,Male,34.5,1,Yes,Italy,441206
61,Female,23.5,5,No,Sweden,909741
33,Male,31.5,2,Yes,Canada,825907
50,Female,30.5,3,Yes,Chile,596383
42,Female,24.5,3,No,India,690970
26,Male,26.5,3,No,Canada,309841
51,Female,32.5,4,Yes,Canada,696978
30,Male,22.5,1,Yes,Philippines,29054
28,Male,27.5,3,Yes,South Korea,630775
30,Male,18.5,2,No,Canada,275140
50,Female,30.5,2,Yes,Austria,570665
46,Male,18.5,2,Yes,Turkey,210766
56,Female,26.5,0,No,United States,905266
69,Male,26.5,1,Yes,Philippines,218497
54,Male,28.5,1,No,Russian Federation,643060
27,Female,30.5,3,No,China,304749
15,Male,22.5,0,No,Canada,81755
41,Male,30.5,1,No,Turkey,47498
44,Female,28.5,3,Yes,Poland,230651
66,Female,32.5,3,No,Chile,842569
62,Female,19.5,2,Yes,India,9048
27,Female,25.5,4,No,Russian Federation,202018
18,Male,25.5,1,Yes,Germany,453251
69,Male,31.5,1,Yes,Italy,565983
66,Male,27.5,3,No,Mexico,978309
43,Female,31.5,4,No,Singapore,103864
30,Female,24.5,2,Yes,Vietnam,995399
59,Male,32.5,3,Yes,Costa Rica,557522
34,Male,23.5,3,Yes,New Zealand,361678
28,Female,27.5,3,Yes,Colombia,688483
53,Female,29.5,2,Yes,Peru,185108
54,Female,30.5,0,Yes,Costa Rica,335565
62,Male,18.5,5,No,Australia,363633
36,Male,27.5,1,Yes,France,244647
32,Male,20.5,4,No,Mexico,99255
34,Male,23.5,0,Yes,Sweden,471103
39,Male,27.5,3,No,Brazil,170214
20,Female,31.5,1,Yes,Netherlands,343136
43,Male,27.5,0,Yes,Indonesia,223631
43,Female,18.5,4,No,Germany,546268
35,Female,27.5,3,No,New Zealand,161231
33,Female,31.5,0,No,Mexico,270362
19,Female,24.5,4,Yes,India,153856
19,Female,21.5,0,No,Spain,986690
48,Male,24.5,2,Yes,Canada,876342
32,Male,29.5,4,No,Australia,463719
41,Male,20.5,1,No,Russian Federation,436816
39,Male,33.5,1,Yes,India,365503
62,Female,19.5,5,Yes,Mexico,982908
61,Male,21.5,3,Yes,Spain,731754
37,Male,24.5,0,No,Mexico,105226
53,Female,19.5,2,Yes,Chile,797014
52,Male,27.5,0,Yes,Netherlands,487617
30,Female,23.5,3,Yes,Chile,690463
64,Male,23.5,3,Yes,Brazil,998032
34,Female,33.5,3,Yes,Poland,790647
60,Male,27.5,2,No,Costa Rica,991668
28,Male,22.5,5,Yes,Colombia,744178
63,Male,21.5,2,No,India,548668
62,Female,26.5,0,Yes,Singapore,944609
67,Male,22.5,1,No,Costa Rica,493350
50,Female,31.5,0,No,Nigeria,165395
29,Female,19.5,2,No,China,924707
59,Female,31.5,0,Yes,Netherlands,296905
24,Female,19.5,2,Yes,Netherlands,207243
27,Male,26.5,2,Yes,Costa Rica,603186
53,Male,30.5,0,No,Vietnam,455125
22,Male,20.5,3,No,Canada,604345
70,Male,27.5,2,Yes,Australia,876694
66,Male,33.5,1,Yes,India,514901
66,Female,32.5,4,Yes,South Korea,958908
34,Male,29.5,1,Yes,Belgium,808214
51,Male,33.5,5,No,France,812432
53,Female,30.5,1,Yes,Turkey,499100
49,Male,34.5,1,Yes,New Zealand,272591
21,Male,30.5,3,No,France,852759
28,Male,20.5,1,No,Russian Federation,249043
23,Female,33.5,3,Yes,Indonesia,51833
53,Male,24.5,3,Yes,Netherlands,290936
66,Female,26.5,1,Yes,Colombia,320392
66,Male,29.5,3,Yes,Italy,462523
31,Male,25.5,0,Yes,Brazil,186879
35,Male,30.5,2,No,United Kingdom,296050
69,Male,25.5,2,No,Philippines,844496
37,Male,26.5,3,Yes,Russian Federation,692017
45,Female,32.5,4,No,Nigeria,47023
18,Male,32.5,3,No,Singapore,751618
64,Female,21.5,4,No,United Kingdom,703814
52,Male,18.5,5,Yes,Colombia,195968
34,Male,23.5,4,No,Austria,63558
48,Male,21.5,0,No,Peru,863808
65,Female,28.5,0,No,South Africa,393154
42,Male,30.5,3,Yes,India,107294
40,Female,27.5,2,No,Austria,980188
32,Female,34.5,5,Yes,Ukraine,178870
20,Female,24.5,0,No,New Zealand,927306
38,Female,33.5,0,No,Singapore,101570
17,Male,34.5,0,Yes,Indonesia,207579
60,Female,26.5,1,No,Sweden,85564
48,Male,31.5,3,Yes,Spain,770891
33,Female,34.5,5,No,Peru,785443
22,Female,31.5,3,No,Netherlands,429900
66,Female,21.5,1,No,Canada,576850
67,Male,22.5,4,No,Poland,528294
58,Male,21.5,4,No,Brazil,252234
27,Male,20.5,5,No,Ireland,81132
67,Male,33.5,3,Yes,Ukraine,32153
40,Male,33.5,1,Yes,Germany,507420
40,Male,21.5,3,Yes,Colombia,922251
61,Female,33.5,3,Yes,Russian Federation,740283
36,Female,23.5,1,No,Austria,706812
60,Male,34.5,3,Yes,New Zealand,655799
58,Female,24.5,1,No,Chile,624929
47,Female,27.5,0,Yes,Vietnam,989760
29,Female,19.5,4,No,United Kingdom,539386
48,Female,34.5,3,No,Austria,43391
55,Female,20.5,4,No,United States,283790
23,Female,20.5,4,Yes,Brazil,395101
34,Male,21.5,4,Yes,New Zealand,900221
32,Male,29.5,1,Yes,Russian Federation,59174
46,Male,31.5,4,No,Pakistan,822752
32,Male,29.5,2,No,Russian Federation,894949
40,Male,22.5,4,No,Italy,753169
45,Female,25.5,1,No,Austria,806216
64,Male,30.5,1,Yes,Canada,948352
64,Female,33.5,3,No,Costa Rica,688613
34,Female,31.5,3,No,Italy,748340
68,Female,25.5,2,Yes,South Korea,380245
50,Female,29.5,5,Yes,South Africa,455041
33,Female,33.5,2,No,Mexico,433985
37,Female,19.5,3,Yes,India,647041
28,Female,23.5,4,No,Vietnam,892364
49,Male,27.5,4,Yes,Costa Rica,471942
61,Male,34.5,4,No,Canada,927109
57,Female,29.5,5,Yes,United Kingdom,674666
28,Male,31.5,0,Yes,Vietnam,46373
45,Female,30.5,4,No,Indonesia,781110
51,Male,23.5,2,Yes,Spain,133365
65,Male,32.5,4,No,Mexico,757606
30,Female,27.5,0,Yes,Philippines,600515
41,Male,25.5,0,No,Germany,550260
55,Male,29.5,2,No,Peru,652629
69,Female,23.5,2,Yes,Singapore,941803
19,Female,34.5,0,Yes,Spain,344925
33,Male,23.5,3,Yes,Vietnam,347053
68,Female,21.5,4,No,Peru,436212
27,Male,21.5,5,No,Germany,941635
68,Male,19.5,5,Yes,Sweden,962691
56,Female,22.5,0,Yes,Costa Rica,295489
68,Male,34.5,5,Yes,Poland,922954
62,Male,22.5,2,Yes,South Korea,738273
44,Male,33.5,1,No,Colombia,420302
54,Female,34.5,4,No,Ireland,300910
23,Female,33.5,3,Yes,Costa Rica,186632
67,Female,19.5,5,No,Turkey,490253
45,Male,28.5,2,No,Belgium,482727
62,Female,19.5,2,Yes,Brazil,190411
66,Male,23.5,1,Yes,Ireland,906296
53,Male,31.5,0,Yes,Indonesia,713176
67,Male,25.5,4,No,Peru,505296
63,Female,23.5,3,No,Ukraine,100539
18,Female,23.5,4,No,South Korea,260107
39,Female,31.5,1,No,Nigeria,369282
37,Male,33.5,1,No,United Kingdom,618834
22,Male,30.5,2,Yes,Sweden,462052
21,Male,28.5,3,No,Pakistan,771384
62,Female,31.5,3,Yes,Pakistan,48704
34,Female,20.5,1,No,Sweden,912969
67,Female,31.5,4,Yes,Austria,874531
45,Male,33.5,3,Yes,Ukraine,443475
33,Male,21.5,5,No,South Korea,460909
70,Female,27.5,1,No,Australia,62221
58,Female,21.5,4,Yes,Singapore,255177
45,Female,24.5,3,Yes,Singapore,324325
26,Male,23.5,3,Yes,Philippines,527385
40,Female,26.5,1,No,United States,749945
50,Female,23.5,1,No,Spain,517426
37,Female,23.5,5,Yes,Netherlands,284431
22,Female,22.5,2,No,Ukraine,6450
68,Female,29.5,3,No,Pakistan,939669
57,Male,21.5,1,No,China,525043
40,Female,19.5,1,No,Italy,488517
22,Female,34.5,3,Yes,Mexico,612252
31,Male,31.5,4,No,Germany,272167
21,Female,21.5,5,No,India,306990
46,Female,26.5,1,Yes,Peru,150649
46,Female,19.5,0,Yes,Canada,328239
28,Male,22.5,3,Yes,Germany,274823
66,Male,28.5,3,No,China,84390
68,Male,24.5,4,No,Russian Federation,887803
32,Male,28.5,3,No,Sweden,215358
68,Female,34.5,3,Yes,Costa Rica,284286
31,Female,31.5,2,No,Russian Federation,956847
18,Male,27.5,4,Yes,Peru,547757
70,Female,19.5,0,No,Philippines,734612
26,Male,26.5,2,No,Ukraine,792329
31,Female,22.5,5,Yes,Nigeria,781160
61,Female,19.5,3,Yes,Colombia,152960
58,Male,19.5,5,Yes,China,653591
61,Male,25.5,5,No,Turkey,320901
17,Female,30.5,1,Yes,Sweden,44714
18,Male,30.5,0,No,Spain,392852
16,Female,27.5,2,Yes,Poland,565953
37,Female,31.5,0,Yes,Ireland,479456
48,Male,28.5,4,No,Chile,851436
58,Female,22.5,0,No,Costa Rica,522361
53,Male,28.5,1,Yes,Pakistan,28516
29,Male,24.5,3,Yes,Chile,57312
60,Female,33.5,2,No,Belgium,287420
26,Male,25.5,2,Yes,Spain,931908
60,Female,24.5,0,Yes,Australia,127587
26,Female,28.5,1,Yes,South Africa,270936
42,Male,24.5,1,Yes,Netherlands,210013
43,Female,19.5,3,No,New Zealand,369487
54,Male,32.5,5,No,Peru,447056
27,Female,24.5,4,No,Ireland,745320
29,Male,19.5,4,Yes,France,80410
70,Male,31.5,1,No,Mexico,287402
18,Female,29.5,5,Yes,Singapore,682948
33,Female,33.5,5,No,Mexico,59719
23,Female,27.5,2,Yes,South Korea,674575
19,Female,18.5,1,No,China,974394
39,Male,29.5,1,Yes,Italy,211813
53,Male,21.5,5,Yes,Turkey,942109
29,Male,29.5,2,Yes,China,422477
51,Female,29.5,2,No,South Africa,326466
62,Female,23.5,4,Yes,Netherlands,259898
62,Male,23.5,1,No,Netherlands,525897
33,Female,18.5,2,Yes,Sweden,201592
20,Female,21.5,2,No,Chile,781640
23,Male,32.5,0,Yes,China,315374
46,Female,23.5,3,No,Germany,704799
58,Male,21.5,4,Yes,Pakistan,807321
24,Female,34.5,3,Yes,Nigeria,480768
60,Male,32.5,1,Yes,New Zealand,277886
41,Male,28.5,0,Yes,Colombia,733542
41,Male,29.5,1,Yes,United States,52508
46,Male,21.5,1,No,Nigeria,319712
46,Female,29.5,5,No,Nigeria,464974
26,Female,30.5,5,Yes,Brazil,532092
69,Male,26.5,4,Yes,Costa Rica,749738
51,Female,25.5,3,Yes,Poland,196532
15,Female,32.5,3,No,Spain,288531
63,Male,21.5,4,No,Indonesia,809689
60,Female,30.5,1,No,Russian Federation,496133
28,Female,18.5,2,Yes,New Zealand,358615
68,Female,28.5,5,Yes,France,436346
56,Female,34.5,5,Yes,Vietnam,546280
69,Male,28.5,4,No,United States,706216
50,Male,21.5,3,Yes,Austria,247244
46,Male,30.5,5,No,Netherlands,211646
24,Female,32.5,1,No,New Zealand,42817
65,Female,21.5,4,Yes,Germany,301047
60,Female,18.5,1,Yes,Norway,85757
63,Male,33.5,1,No,Pakistan,689599
50,Female,22.5,5,No,Germany,740891
46,Male,32.5,1,No,France,547908
36,Male,20.5,2,No,Singapore,621804
46,Female,29.5,2,Yes,Chile,935182
61,Male,22.5,4,No,Germany,296015
66,Male,20.5,3,Yes,United Kingdom,534900
22,Male,32.5,4,No,Spain,755149
59,Male,19.5,4,No,Chile,430845
63,Female,32.5,5,Yes,United States,888628
19,Male,19.5,1,Yes,South Korea,662987
62,Male,19.5,5,No,Peru,726255
39,Male,25.5,2,Yes,United States,673049
43,Female,34.5,1,Yes,Brazil,439825
35,Female,31.5,1,No,Sweden,395059
62,Female,19.5,3,No,South Korea,681643
21,Female,22.5,4,Yes,Norway,806100
49,Female,31.5,0,Yes,South Korea,268712
18,Male,29.5,5,Yes,Turkey,607108
33,Male,25.5,2,Yes,Chile,174695
57,Female,20.5,4,Yes,Nigeria,448195
43,Male,23.5,3,No,Colombia,488614
39,Female,22.5,3,No,Netherlands,972397
27,Female,23.5,3,No,India,684539
34,Male,25.5,2,No,Mexico,801111
51,Male,18.5,1,No,Spain,994247
53,Female,33.5,2,Yes,Poland,831710
26,Female,29.5,3,No,Sweden,564609
30,Male,29.5,4,Yes,Germany,965723
43,Male,20.5,3,No,Mexico,807152
52,Female,22.5,2,No,Ukraine,436143
32,Male,25.5,1,Yes,United States,478927
62,Male,24.5,3,Yes,Australia,508849
32,Male,21.5,4,No,United States,58853
32,Female,25.5,3,Yes,Italy,271224
43,Female,33.5,5,No,United States,744941
25,Female,26.5,1,No,Peru,162246
58,Male,32.5,5,Yes,Colombia,202440
50,Female,26.5,1,No,South Korea,885118
35,Female,33.5,3,Yes,Australia,164792
40,Male,25.5,0,Yes,Canada,806769
41,Male,31.5,3,No,Nigeria,751556
23,Female,24.5,5,Yes,Mexico,887650
44,Male,23.5,5,No,China,667500
38,Male,20.5,2,No,Canada,520366
70,Male,31.5,4,No,Chile,80495
41,Male,30.5,2,No,Philippines,678272
61,Male,31.5,0,Yes,Russian Federation,313209
66,Male,29.5,2,Yes,Indonesia,437496
18,Female,23.5,4,Yes,Spain,395206
48,Female,26.5,0,No,Nigeria,528056
27,Female,22.5,3,Yes,Colombia,455245
51,Male,33.5,3,No,Costa Rica,308736
52,Male,29.5,3,No,Russian Federation,542604
24,Female,19.5,1,No,Mexico,871168
28,Male,28.5,2,Yes,United Kingdom,836002
21,Female,19.5,3,Yes,Netherlands,833392
68,Female,28.5,2,No,Costa Rica,127295
45,Female,29.5,1,No,China,898385
20,Male,19.5,2,No,Austria,621327
70,Female,29.5,1,Yes,Chile,321880
40,Male,27.5,2,No,Poland,106628
70,Male,24.5,2,Yes,Mexico,102219
24,Female,25.5,0,Yes,Australia,910104
29,Male,33.5,2,Yes,China,167657
35,Male,19.5,4,No,Vietnam,177082
57,Female,30.5,4,No,New Zealand,596881
56,Male,33.5,5,Yes,Mexico,916861
25,Male,34.5,2,Yes,India,129413
21,Male,29.5,0,Yes,Nigeria,71863
39,Female,29.5,5,No,India,421782
25,Male,25.5,2,Yes,Poland,231172
68,Male,24.5,2,No,Nigeria,894213
48,Female,34.5,3,No,Ireland,460046
59,Male,20.5,5,No,Russian Federation,88197
55,Female,30.5,0,Yes,Canada,401211
26,Male,29.5,5,Yes,United States,866740
24,Female,22.5,4,No,Chile,216892
54,Male,24.5,3,No,China,311523
37,Male,29.5,3,Yes,Netherlands,852083
46,Female,31.5,5,No,Canada,528279
18,Male,30.5,1,No,Turkey,75909
62,Female,34.5,3,No,Austria,414298
30,Female,34.5,5,No,United States,205960
44,Female,20.5,2,Yes,Italy,906601
54,Female,27.5,1,Yes,Russian Federation,171558
50,Male,23.5,3,No,Vietnam,391666
38,Male,24.5,3,Yes,Poland,394301
65,Female,25.5,0,Yes,Sweden,733448
46,Female,32.5,3,Yes,Canada,143182
66,Female,32.5,5,Yes,Vietnam,531652
55,Female,28.5,3,No,Indonesia,131622
32,Female,29.5,1,No,India,694590
20,Male,18.5,5,Yes,United States,416304
51,Female,19.5,1,Yes,Norway,579108
38,Male,31.5,1,No,Turkey,600655
70,Female,30.5,3,No,Sweden,344291
69,Female,29.5,3,Yes,Poland,286457
58,Female,34.5,1,Yes,United Kingdom,768721
58,Female,24.5,5,Yes,India,745270
60,Male,21.5,1,No,Austria,305056
30,Female,29.5,2,No,Norway,80550
16,Male,20.5,1,No,Brazil,156746
24,Male,24.5,1,No,Turkey,395416
57,Female,26.5,2,No,Poland,147241
66,Male,19.5,5,No,Turkey,700827
51,Male,25.5,3,No,Canada,65062
40,Male,28.5,2,Yes,Vietnam,849842
54,Female,28.5,3,No,Canada,308435
67,Male,27.5,4,Yes,Ukraine,59848
26,Female,22.5,1,No,Netherlands,421821
46,Female,21.5,1,No,Costa Rica,365650
42,Female,30.5,4,No,Mexico,13386
16,Male,20.5,1,Yes,Ukraine,83629
46,Female,25.5,1,No,Ireland,661903
42,Female,22.5,2,No,United Kingdom,819240
46,Male,21.5,2,Yes,Norway,662675
26,Male,21.5,1,No,Turkey,955699
23,Male,20.5,2,Yes,Ireland,607285
39,Male,23.5,5,No,Colombia,424226
28,Male,33.5,2,No,Norway,972077
37,Male,34.5,1,Yes,South Korea,876414
43,Male,32.5,2,No,United States,135677
37,Female,32.5,5,Yes,Vietnam,253873
38,Male,29.5,0,Yes,Chile,213981
41,Male,29.5,5,Yes,Russian Federation,907177
35,Male,24.5,0,No,Costa Rica,98663
58,Female,33.5,1,Yes,Spain,295750
40,Female,29.5,4,No,India,966556
35,Male,28.5,3,No,Austria,260144
56,Female,29.5,2,Yes,Mexico,906083
54,Male,30.5,4,No,Brazil,167315
66,Female,24.5,1,No,Singapore,373901
33,Female,25.5,3,No,New Zealand,365666
42,Male,30.5,3,Yes,Germany,279858
34,Female,21.5,1,Yes,South Korea,621926
56,Male,21.5,2,No,Colombia,924540
62,Male,24.5,1,No,Austria,377998
28,Female,18.5,5,No,China,183535
42,Female,29.5,5,Yes,Poland,94781
19,Female,34.5,0,No,Peru,932120
33,Male,23.5,2,Yes,India,601052
34,Female,31.5,3,Yes,Austria,841463
20,Male,22.5,5,No,Philippines,548215
30,Female,29.5,3,Yes,United States,834813
60,Male,23.5,4,Yes,Mexico,95323
56,Female,29.5,4,Yes,Turkey,757266
40,Male,34.5,3,No,Sweden,91724
23,Male,25.5,1,Yes,Vietnam,435423
33,Female,30.5,3,No,Ukraine,193403
18,Male,32.5,2,Yes,Vietnam,758966
44,Female,22.5,3,No,Pakistan,339983
52,Male,34.5,4,Yes,Australia,447783
20,Female,25.5,1,Yes,Brazil,172416
56,Male,26.5,3,Yes,Pakistan,386368
26,Male,28.5,1,Yes,Italy,504973
18,Male,22.5,1,No,Colombia,728202
35,Male,19.5,1,No,Pakistan,596787
63,Male,22.5,5,No,Colombia,268096
28,Male,31.5,5,No,India,199490
34,Female,26.5,4,No,Costa Rica,738199
63,Female,27.5,5,No,United Kingdom,654080
18,Male,25.5,0,No,South Africa,301995
38,Male,25.5,1,Yes,Norway,574321
39,Male,30.5,2,No,South Africa,779329
29,Male,20.5,4,Yes,South Korea,687597
20,Female,22.5,2,Yes,China,884317
25,Male,30.5,0,Yes,Italy,756725
62,Male,21.5,2,Yes,Poland,619778
66,Female,20.5,4,No,Chile,621200
16,Female,31.5,4,No,Chile,811387
23,Male,30.5,3,Yes,New Zealand,119363
67,Female,31.5,1,No,India,306923
66,Male,30.5,4,Yes,Singapore,557287
52,Female,22.5,0,Yes,South Korea,884736
39,Male,27.5,4,Yes,Mexico,7874
67,Female,32.5,4,No,Colombia,926333
27,Female,34.5,0,No,South Korea,735177
27,Male,22.5,0,No,Mexico,777142
54,Male,18.5,5,Yes,Pakistan,909421
66,Male,27.5,2,No,India,402440
40,Male,18.5,3,No,Nigeria,448210
48,Male,24.5,1,No,Belgium,881232
16,Female,23.5,2,Yes,Norway,248521
68,Female,31.5,0,No,Chile,196374
65,Male,29.5,1,Yes,Costa Rica,440577
65,Male,30.5,2,Yes,Costa Rica,499585
23,Female,19.5,3,Yes,Belgium,89999
20,Male,23.5,1,No,Pakistan,980553
62,Female,32.5,4,No,China,503435
22,Female,26.5,4,No,Chile,183968
20,Male,24.5,2,No,Germany,581567
51,Female,34.5,4,Yes,Belgium,609354
61,Male,27.5,4,Yes,New Zealand,658805
68,Female,27.5,2,Yes,Costa Rica,126789
47,Female,20.5,4,No,Mexico,418236
69,Male,19.5,2,Yes,Canada,415781
21,Female,21.5,3,Yes,Norway,299734
32,Male,21.5,2,No,Brazil,450345
35,Male,31.5,3,No,Colombia,629955
37,Male,21.5,2,Yes,Spain,246712
22,Female,20.5,3,Yes,Russian Federation,531988
62,Male,29.5,4,No,Spain,775626
56,Male,34.5,5,Yes,Russian Federation,430969
39,Male,21.5,4,No,Chile,808690
38,Female,31.5,0,No,Canada,459439
29,Male,33.5,0,Yes,China,288720
61,Female,34.5,2,Yes,South Africa,891691
15,Female,29.5,2,No,Italy,980553
23,Male,25.5,2,Yes,Philippines,670171
38,Male,31.5,3,Yes,Nigeria,346422
38,Male,22.5,0,No,Chile,638475
66,Female,25.5,1,No,Austria,606758
50,Female,24.5,4,No,Nigeria,405560
56,Female,28.5,5,Yes,Ukraine,248974
35,Female,19.5,2,Yes,Germany,554667
67,Female,32.5,1,No,Brazil,234500
56,Female,30.5,3,Yes,Canada,190631
18,Female,20.5,1,Yes,Vietnam,900654
49,Male,29.5,2,No,Brazil,440750
49,Female,25.5,4,No,Russian Federation,927719
57,Male,28.5,4,No,Ireland,515794
24,Male,34.5,4,Yes,China,398254
34,Male,34.5,2,No,Sweden,893146
23,Male,32.5,2,Yes,Nigeria,191639
45,Female,24.5,1,No,Australia,7880
28,Female,21.5,0,Yes,Pakistan,280868
53,Female,23.5,0,No,Poland,9029
20,Male,30.5,3,No,Turkey,823609
50,Male,25.5,0,No,Vietnam,858566
46,Male,28.5,2,Yes,Mexico,408278
32,Female,22.5,4,Yes,Indonesia,83460
16,Female,20.5,4,No,Canada,80132
58,Female,26.5,0,No,New Zealand,150063
45,Male,30.5,2,Yes,Spain,176833
47,Male,34.5,2,No,China,962382
38,Female,28.5,1,No,Norway,513882
53,Male,19.5,4,Yes,Indonesia,415032
22,Female,29.5,3,No,Australia,407015
41,Female,29.5,2,No,Colombia,122807
22,Female,31.5,1,Yes,Chile,701280
61,Female,34.5,4,Yes,Austria,197627
47,Male,22.5,1,No,New Zealand,105605
66,Male,29.5,1,No,Norway,896412
24,Male,28.5,2,Yes,Spain,591548
44,Male,31.5,4,No,Australia,476101
25,Male,34.5,1,Yes,Italy,441206
61,Female,23.5,5,No,Sweden,909741
33,Male,31.5,2,Yes,Canada,825907
50,Female,30.5,3,Yes,Chile,596383
42,Female,24.5,3,No,India,690970
26,Male,26.5,3,No,Canada,309841
51,Female,32.5,4,Yes,Canada,696978
30,Male,22.5,1,Yes,Philippines,29054
28,Male,27.5,3,Yes,South Korea,630775
30,Male,18.5,2,No,Canada,275140
50,Female,30.5,2,Yes,Austria,570665
46,Male,18.5,2,Yes,Turkey,210766
56,Female,26.5,0,No,United States,905266
69,Male,26.5,1,Yes,Philippines,218497
54,Male,28.5,1,No,Russian Federation,643060
27,Female,30.5,3,No,China,304749
15,Male,22.5,0,No,Canada,81755
41,Male,30.5,1,No,Turkey,47498
44,Female,28.5,3,Yes,Poland,230651
66,Female,32.5,3,No,Chile,842569
62,Female,19.5,2,Yes,India,9048
27,Female,25.5,4,No,Russian Federation,202018
18,Male,25.5,1,Yes,Germany,453251
69,Male,31.5,1,Yes,Italy,565983
66,Male,27.5,3,No,Mexico,978309
43,Female,31.5,4,No,Singapore,103864
30,Female,24.5,2,Yes,Vietnam,995399
59,Male,32.5,3,Yes,Costa Rica,557522
34,Male,23.5,3,Yes,New Zealand,361678
28,Female,27.5,3,Yes,Colombia,688483
53,Female,29.5,2,Yes,Peru,185108
54,Female,30.5,0,Yes,Costa Rica,335565
62,Male,18.5,5,No,Australia,363633
36,Male,27.5,1,Yes,France,244647
32,Male,20.5,4,No,Mexico,99255
34,Male,23.5,0,Yes,Sweden,471103
39,Male,27.5,3,No,Brazil,170214
20,Female,31.5,1,Yes,Netherlands,343136
43,Male,27.5,0,Yes,Indonesia,223631
43,Female,18.5,4,No,Germany,546268
35,Female,27.5,3,No,New Zealand,161231
33,Female,31.5,0,No,Mexico,270362
19,Female,24.5,4,Yes,India,153856
19,Female,21.5,0,No,Spain,986690
48,Male,24.5,2,Yes,Canada,876342
32,Male,29.5,4,No,Australia,463719
41,Male,20.5,1,No,Russian Federation,436816
39,Male,33.5,1,Yes,India,365503
62,Female,19.5,5,Yes,Mexico,982908
61,Male,21.5,3,Yes,Spain,731754
37,Male,24.5,0,No,Mexico,105226
53,Female,19.5,2,Yes,Chile,797014
52,Male,27.5,0,Yes,Netherlands,487617
30,Female,23.5,3,Yes,Chile,690463
64,Male,23.5,3,Yes,Brazil,998032
34,Female,33.5,3,Yes,Poland,790647
60,Male,27.5,2,No,Costa Rica,991668
28,Male,22.5,5,Yes,Colombia,744178
63,Male,21.5,2,No,India,548668
62,Female,26.5,0,Yes,Singapore,944609
67,Male,22.5,1,No,Costa Rica,493350
50,Female,31.5,0,No,Nigeria,165395
29,Female,19.5,2,No,China,924707
59,Female,31.5,0,Yes,Netherlands,296905
24,Female,19.5,2,Yes,Netherlands,207243
27,Male,26.5,2,Yes,Costa Rica,603186
53,Male,30.5,0,No,Vietnam,455125
22,Male,20.5,3,No,Canada,604345
70,Male,27.5,2,Yes,Australia,876694
66,Male,33.5,1,Yes,India,514901
66,Female,32.5,4,Yes,South Korea,958908
34,Male,29.5,1,Yes,Belgium,808214
51,Male,33.5,5,No,France,812432
53,Female,30.5,1,Yes,Turkey,499100
49,Male,34.5,1,Yes,New Zealand,272591
21,Male,30.5,3,No,France,852759
28,Male,20.5,1,No,Russian Federation,249043
23,Female,33.5,3,Yes,Indonesia,51833
53,Male,24.5,3,Yes,Netherlands,290936
66,Female,26.5,1,Yes,Colombia,320392
66,Male,29.5,3,Yes,Italy,462523
31,Male,25.5,0,Yes,Brazil,186879
35,Male,30.5,2,No,United Kingdom,296050
69,Male,25.5,2,No,Philippines,844496
37,Male,26.5,3,Yes,Russian Federation,692017
45,Female,32.5,4,No,Nigeria,47023
18,Male,32.5,3,No,Singapore,751618
64,Female,21.5,4,No,United Kingdom,703814
52,Male,18.5,5,Yes,Colombia,195968
34,Male,23.5,4,No,Austria,63558
48,Male,21.5,0,No,Peru,863808
65,Female,28.5,0,No,South Africa,393154
42,Male,30.5,3,Yes,India,107294
40,Female,27.5,2,No,Austria,980188
32,Female,34.5,5,Yes,Ukraine,178870
20,Female,24.5,0,No,New Zealand,927306
38,Female,33.5,0,No,Singapore,101570
17,Male,34.5,0,Yes,Indonesia,207579
60,Female,26.5,1,No,Sweden,85564
48,Male,31.5,3,Yes,Spain,770891
33,Female,34.5,5,No,Peru,785443
22,Female,31.5,3,No,Netherlands,429900
66,Female,21.5,1,No,Canada,576850
67,Male,22.5,4,No,Poland,528294
58,Male,21.5,4,No,Brazil,252234
27,Male,20.5,5,No,Ireland,81132
67,Male,33.5,3,Yes,Ukraine,32153
40,Male,33.5,1,Yes,Germany,507420
40,Male,21.5,3,Yes,Colombia,922251
61,Female,33.5,3,Yes,Russian Federation,740283
36,Female,23.5,1,No,Austria,706812
60,Male,34.5,3,Yes,New Zealand,655799
58,Female,24.5,1,No,Chile,624929
47,Female,27.5,0,Yes,Vietnam,989760
29,Female,19.5,4,No,United Kingdom,539386
48,Female,34.5,3,No,Austria,43391
55,Female,20.5,4,No,United States,283790
23,Female,20.5,4,Yes,Brazil,395101
34,Male,21.5,4,Yes,New Zealand,900221
32,Male,29.5,1,Yes,Russian Federation,59174
46,Male,31.5,4,No,Pakistan,822752
32,Male,29.5,2,No,Russian Federation,894949
40,Male,22.5,4,No,Italy,753169
45,Female,25.5,1,No,Austria,806216
64,Male,30.5,1,Yes,Canada,948352
64,Female,33.5,3,No,Costa Rica,688613
34,Female,31.5,3,No,Italy,748340
68,Female,25.5,2,Yes,South Korea,380245
50,Female,29.5,5,Yes,South Africa,455041
33,Female,33.5,2,No,Mexico,433985
37,Female,19.5,3,Yes,India,647041
28,Female,23.5,4,No,Vietnam,892364
49,Male,27.5,4,Yes,Costa Rica,471942
61,Male,34.5,4,No,Canada,927109
57,Female,29.5,5,Yes,United Kingdom,674666
28,Male,31.5,0,Yes,Vietnam,46373
45,Female,30.5,4,No,Indonesia,781110
51,Male,23.5,2,Yes,Spain,133365
65,Male,32.5,4,No,Mexico,757606
30,Female,27.5,0,Yes,Philippines,600515
41,Male,25.5,0,No,Germany,550260
55,Male,29.5,2,No,Peru,652629
69,Female,23.5,2,Yes,Singapore,941803
19,Female,34.5,0,Yes,Spain,344925
33,Male,23.5,3,Yes,Vietnam,347053
68,Female,21.5,4,No,Peru,436212
27,Male,21.5,5,No,Germany,941635
68,Male,19.5,5,Yes,Sweden,962691
56,Female,22.5,0,Yes,Costa Rica,295489
68,Male,34.5,5,Yes,Poland,922954
62,Male,22.5,2,Yes,South Korea,738273
44,Male,33.5,1,No,Colombia,420302
54,Female,34.5,4,No,Ireland,300910
23,Female,33.5,3,Yes,Costa Rica,186632
67,Female,19.5,5,No,Turkey,490253
45,Male,28.5,2,No,Belgium,482727
62,Female,19.5,2,Yes,Brazil,190411
66,Male,23.5,1,Yes,Ireland,906296
53,Male,31.5,0,Yes,Indonesia,713176
67,Male,25.5,4,No,Peru,505296
63,Female,23.5,3,No,Ukraine,100539
18,Female,23.5,4,No,South Korea,260107
39,Female,31.5,1,No,Nigeria,369282
37,Male,33.5,1,No,United Kingdom,618834
22,Male,30.5,2,Yes,Sweden,462052
21,Male,28.5,3,No,Pakistan,771384
62,Female,31.5,3,Yes,Pakistan,48704
34,Female,20.5,1,No,Sweden,912969
67,Female,31.5,4,Yes,Austria,874531
45,Male,33.5,3,Yes,Ukraine,443475
33,Male,21.5,5,No,South Korea,460909
70,Female,27.5,1,No,Australia,62221
58,Female,21.5,4,Yes,Singapore,255177
45,Female,24.5,3,Yes,Singapore,324325
26,Male,23.5,3,Yes,Philippines,527385
40,Female,26.5,1,No,United States,749945
50,Female,23.5,1,No,Spain,517426
37,Female,23.5,5,Yes,Netherlands,284431
22,Female,22.5,2,No,Ukraine,6450
68,Female,29.5,3,No,Pakistan,939669
57,Male,21.5,1,No,China,525043
40,Female,19.5,1,No,Italy,488517
22,Female,34.5,3,Yes,Mexico,612252
31,Male,31.5,4,No,Germany,272167
21,Female,21.5,5,No,India,306990
46,Female,26.5,1,Yes,Peru,150649
46,Female,19.5,0,Yes,Canada,328239
28,Male,22.5,3,Yes,Germany,274823
66,Male,28.5,3,No,China,84390
68,Male,24.5,4,No,Russian Federation,887803
32,Male,28.5,3,No,Sweden,215358
68,Female,34.5,3,Yes,Costa Rica,284286
31,Female,31.5,2,No,Russian Federation,956847
18,Male,27.5,4,Yes,Peru,547757
70,Female,19.5,0,No,Philippines,734612
26,Male,26.5,2,No,Ukraine,792329
31,Female,22.5,5,Yes,Nigeria,781160
61,Female,19.5,3,Yes,Colombia,152960
58,Male,19.5,5,Yes,China,653591
61,Male,25.5,5,No,Turkey,320901
17,Female,30.5,1,Yes,Sweden,44714
18,Male,30.5,0,No,Spain,392852
16,Female,27.5,2,Yes,Poland,565953
37,Female,31.5,0,Yes,Ireland,479456
48,Male,28.5,4,No,Chile,851436
58,Female,22.5,0,No,Costa Rica,522361
53,Male,28.5,1,Yes,Pakistan,28516
29,Male,24.5,3,Yes,Chile,57312
60,Female,33.5,2,No,Belgium,287420
26,Male,25.5,2,Yes,Spain,931908
60,Female,24.5,0,Yes,Australia,127587
26,Female,28.5,1,Yes,South Africa,270936
42,Male,24.5,1,Yes,Netherlands,210013
43,Female,19.5,3,No,New Zealand,369487
54,Male,32.5,5,No,Peru,447056
27,Female,24.5,4,No,Ireland,745320
29,Male,19.5,4,Yes,France,80410
70,Male,31.5,1,No,Mexico,287402
18,Female,29.5,5,Yes,Singapore,682948
33,Female,33.5,5,No,Mexico,59719
23,Female,27.5,2,Yes,South Korea,674575
19,Female,18.5,1,No,China,974394
39,Male,29.5,1,Yes,Italy,211813
53,Male,21.5,5,Yes,Turkey,942109
29,Male,29.5,2,Yes,China,422477
51,Female,29.5,2,No,South Africa,326466
62,Female,23.5,4,Yes,Netherlands,259898
62,Male,23.5,1,No,Netherlands,525897
33,Female,18.5,2,Yes,Sweden,201592
20,Female,21.5,2,No,Chile,781640
23,Male,32.5,0,Yes,China,315374
46,Female,23.5,3,No,Germany,704799
58,Male,21.5,4,Yes,Pakistan,807321
24,Female,34.5,3,Yes,Nigeria,480768
60,Male,32.5,1,Yes,New Zealand,277886
41,Male,28.5,0,Yes,Colombia,733542
41,Male,29.5,1,Yes,United States,52508
46,Male,21.5,1,No,Nigeria,319712
46,Female,29.5,5,No,Nigeria,464974
26,Female,30.5,5,Yes,Brazil,532092
69,Male,26.5,4,Yes,Costa Rica,749738
51,Female,25.5,3,Yes,Poland,196532
15,Female,32.5,3,No,Spain,288531
63,Male,21.5,4,No,Indonesia,809689
60,Female,30.5,1,No,Russian Federation,496133
28,Female,18.5,2,Yes,New Zealand,358615
68,Female,28.5,5,Yes,France,436346
56,Female,34.5,5,Yes,Vietnam,546280
69,Male,28.5,4,No,United States,706216
50,Male,21.5,3,Yes,Austria,247244
46,Male,30.5,5,No,Netherlands,211646
24,Female,32.5,1,No,New Zealand,42817
65,Female,21.5,4,Yes,Germany,301047
60,Female,18.5,1,Yes,Norway,85757
63,Male,33.5,1,No,Pakistan,689599
50,Female,22.5,5,No,Germany,740891
46,Male,32.5,1,No,France,547908
36,Male,20.5,2,No,Singapore,621804
46,Female,29.5,2,Yes,Chile,935182
61,Male,22.5,4,No,Germany,296015
66,Male,20.5,3,Yes,United Kingdom,534900
22,Male,32.5,4,No,Spain,755149
59,Male,19.5,4,No,Chile,430845
63,Female,32.5,5,Yes,United States,888628
19,Male,19.5,1,Yes,South Korea,662987
62,Male,19.5,5,No,Peru,726255
39,Male,25.5,2,Yes,United States,673049
43,Female,34.5,1,Yes,Brazil,439825
35,Female,31.5,1,No,Sweden,395059
62,Female,19.5,3,No,South Korea,681643
21,Female,22.5,4,Yes,Norway,806100
49,Female,31.5,0,Yes,South Korea,268712
18,Male,29.5,5,Yes,Turkey,607108
33,Male,25.5,2,Yes,Chile,174695
57,Female,20.5,4,Yes,Nigeria,448195
43,Male,23.5,3,No,Colombia,488614
39,Female,22.5,3,No,Netherlands,972397
27,Female,23.5,3,No,India,684539
34,Male,25.5,2,No,Mexico,801111
51,Male,18.5,1,No,Spain,994247
53,Female,33.5,2,Yes,Poland,831710
26,Female,29.5,3,No,Sweden,564609
58,Male,32.5,5,Yes,Colombia,202440
50,Female,26.5,1,No,South Korea,885118
35,Female,33.5,3,Yes,Australia,164792
40,Male,25.5,0,Yes,Canada,806769
41,Male,31.5,3,No,Nigeria,751556
23,Female,24.5,5,Yes,Mexico,887650
44,Male,23.5,5,No,China,667500
38,Male,20.5,2,No,Canada,520366
70,Male,31.5,4,No,Chile,80495
41,Male,30.5,2,No,Philippines,678272
61,Male,31.5,0,Yes,Russian Federation,313209
66,Male,29.5,2,Yes,Indonesia,437496
18,Female,23.5,4,Yes,Spain,395206
48,Female,26.5,0,No,Nigeria,528056
27,Female,22.5,3,Yes,Colombia,455245
51,Male,33.5,3,No,Costa Rica,308736
52,Male,29.5,3,No,Russian Federation,542604
24,Female,19.5,1,No,Mexico,871168
28,Male,28.5,2,Yes,United Kingdom,836002
21,Female,19.5,3,Yes,Netherlands,833392
68,Female,28.5,2,No,Costa Rica,127295
45,Female,29.5,1,No,China,898385
20,Male,19.5,2,No,Austria,621327
70,Female,29.5,1,Yes,Chile,321880
40,Male,27.5,2,No,Poland,106628
70,Male,24.5,2,Yes,Mexico,102219
24,Female,25.5,0,Yes,Australia,910104
29,Male,33.5,2,Yes,China,167657
35,Male,19.5,4,No,Vietnam,177082
57,Female,30.5,4,No,New Zealand,596881
56,Male,33.5,5,Yes,Mexico,916861
25,Male,34.5,2,Yes,India,129413
21,Male,29.5,0,Yes,Nigeria,71863
39,Female,29.5,5,No,India,421782
25,Male,25.5,2,Yes,Poland,231172
68,Male,24.5,2,No,Nigeria,894213
48,Female,34.5,3,No,Ireland,460046
59,Male,20.5,5,No,Russian Federation,88197
55,Female,30.5,0,Yes,Canada,401211
26,Male,29.5,5,Yes,United States,866740
24,Female,22.5,4,No,Chile,216892
54,Male,24.5,3,No,China,311523
37,Male,29.5,3,Yes,Netherlands,852083
46,Female,31.5,5,No,Canada,528279
18,Male,30.5,1,No,Turkey,75909
62,Female,34.5,3,No,Austria,414298
30,Female,34.5,5,No,United States,205960
44,Female,20.5,2,Yes,Italy,906601
54,Female,27.5,1,Yes,Russian Federation,171558
50,Male,23.5,3,No,Vietnam,391666
38,Male,24.5,3,Yes,Poland,394301
65,Female,25.5,0,Yes,Sweden,733448
46,Female,32.5,3,Yes,Canada,143182
66,Female,32.5,5,Yes,Vietnam,531652
55,Female,28.5,3,No,Indonesia,131622
32,Female,29.5,1,No,India,694590
20,Male,18.5,5,Yes,United States,416304
51,Female,19.5,1,Yes,Norway,579108
38,Male,31.5,1,No,Turkey,600655
70,Female,30.5,3,No,Sweden,344291
69,Female,29.5,3,Yes,Poland,286457
58,Female,34.5,1,Yes,United Kingdom,768721
58,Female,24.5,5,Yes,India,745270
60,Male,21.5,1,No,Austria,305056
30,Female,29.5,2,No,Norway,80550
16,Male,20.5,1,No,Brazil,156746
24,Male,24.5,1,No,Turkey,395416
57,Female,26.5,2,No,Poland,147241
66,Male,19.5,5,No,Turkey,700827
51,Male,25.5,3,No,Canada,65062
40,Male,28.5,2,Yes,Vietnam,849842
54,Female,28.5,3,No,Canada,308435
67,Male,27.5,4,Yes,Ukraine,59848
26,Female,22.5,1,No,Netherlands,421821
46,Female,21.5,1,No,Costa Rica,365650
42,Female,30.5,4,No,Mexico,13386
16,Male,20.5,1,Yes,Ukraine,83629
46,Female,25.5,1,No,Ireland,661903
42,Female,22.5,2,No,United Kingdom,819240
46,Male,21.5,2,Yes,Norway,662675
26,Male,21.5,1,No,Turkey,955699
23,Male,20.5,2,Yes,Ireland,607285
39,Male,23.5,5,No,Colombia,424226
28,Male,33.5,2,No,Norway,972077
37,Male,34.5,1,Yes,South Korea,876414
43,Male,32.5,2,No,United States,135677
37,Female,32.5,5,Yes,Vietnam,253873
38,Male,29.5,0,Yes,Chile,213981
41,Male,29.5,5,Yes,Russian Federation,907177
35,Male,24.5,0,No,Costa Rica,98663
58,Female,33.5,1,Yes,Spain,295750
40,Female,29.5,4,No,India,966556
35,Male,28.5,3,No,Austria,260144
56,Female,29.5,2,Yes,Mexico,906083
54,Male,30.5,4,No,Brazil,167315
66,Female,24.5,1,No,Singapore,373901
33,Female,25.5,3,No,New Zealand,365666
42,Male,30.5,3,Yes,Germany,279858
34,Female,21.5,1,Yes,South Korea,621926
56,Male,21.5,2,No,Colombia,924540
62,Male,24.5,1,No,Austria,377998
28,Female,18.5,5,No,China,183535
42,Female,29.5,5,Yes,Poland,94781
19,Female,34.5,0,No,Peru,932120
33,Male,23.5,2,Yes,India,601052
34,Female,31.5,3,Yes,Austria,841463
20,Male,22.5,5,No,Philippines,548215
30,Female,29.5,3,Yes,United States,834813
60,Male,23.5,4,Yes,Mexico,95323
56,Female,29.5,4,Yes,Turkey,757266
40,Male,34.5,3,No,Sweden,91724
23,Male,25.5,1,Yes,Vietnam,435423
33,Female,30.5,3,No,Ukraine,193403
18,Male,32.5,2,Yes,Vietnam,758966
44,Female,22.5,3,No,Pakistan,339983
52,Male,34.5,4,Yes,Australia,447783
20,Female,25.5,1,Yes,Brazil,172416
56,Male,26.5,3,Yes,Pakistan,386368
26,Male,28.5,1,Yes,Italy,504973
18,Male,22.5,1,No,Colombia,728202
35,Male,19.5,1,No,Pakistan,596787
63,Male,22.5,5,No,Colombia,268096
28,Male,31.5,5,No,India,199490
34,Female,26.5,4,No,Costa Rica,738199
63,Female,27.5,5,No,United Kingdom,654080
18,Male,25.5,0,No,South Africa,301995
38,Male,25.5,1,Yes,Norway,574321
39,Male,30.5,2,No,South Africa,779329
29,Male,20.5,4,Yes,South Korea,687597
20,Female,22.5,2,Yes,China,884317
25,Male,30.5,0,Yes,Italy,756725
62,Male,21.5,2,Yes,Poland,619778
66,Female,20.5,4,No,Chile,621200
16,Female,31.5,4,No,Chile,811387
23,Male,30.5,3,Yes,New Zealand,119363
67,Female,31.5,1,No,India,306923
66,Male,30.5,4,Yes,Singapore,557287
52,Female,22.5,0,Yes,South Korea,884736
39,Male,27.5,4,Yes,Mexico,7874
67,Female,32.5,4,No,Colombia,926333
27,Female,34.5,0,No,South Korea,735177
27,Male,22.5,0,No,Mexico,777142
54,Male,18.5,5,Yes,Pakistan,909421
66,Male,27.5,2,No,India,402440
40,Male,18.5,3,No,Nigeria,448210
48,Male,24.5,1,No,Belgium,881232
16,Female,23.5,2,Yes,Norway,248521
68,Female,31.5,0,No,Chile,196374
65,Male,29.5,1,Yes,Costa Rica,440577
65,Male,30.5,2,Yes,Costa Rica,499585
23,Female,19.5,3,Yes,Belgium,89999
20,Male,23.5,1,No,Pakistan,980553
62,Female,32.5,4,No,China,503435
22,Female,26.5,4,No,Chile,183968
20,Male,24.5,2,No,Germany,581567
51,Female,34.5,4,Yes,Belgium,609354
61,Male,27.5,4,Yes,New Zealand,658805
68,Female,27.5,2,Yes,Costa Rica,126789
47,Female,20.5,4,No,Mexico,418236
69,Male,19.5,2,Yes,Canada,415781
21,Female,21.5,3,Yes,Norway,299734
32,Male,21.5,2,No,Brazil,450345
35,Male,31.5,3,No,Colombia,629955
37,Male,21.5,2,Yes,Spain,246712
22,Female,20.5,3,Yes,Russian Federation,531988
62,Male,29.5,4,No,Spain,775626
56,Male,34.5,5,Yes,Russian Federation,430969
39,Male,21.5,4,No,Chile,808690
38,Female,31.5,0,No,Canada,459439
29,Male,33.5,0,Yes,China,288720
61,Female,34.5,2,Yes,South Africa,891691
15,Female,29.5,2,No,Italy,980553
23,Male,25.5,2,Yes,Philippines,670171
38,Male,31.5,3,Yes,Nigeria,346422
38,Male,22.5,0,No,Chile,638475
66,Female,25.5,1,No,Austria,606758
50,Female,24.5,4,No,Nigeria,405560
56,Female,28.5,5,Yes,Ukraine,248974
35,Female,19.5,2,Yes,Germany,554667
67,Female,32.5,1,No,Brazil,234500
56,Female,30.5,3,Yes,Canada,190631
18,Female,20.5,1,Yes,Vietnam,900654
49,Male,29.5,2,No,Brazil,440750
49,Female,25.5,4,No,Russian Federation,927719
57,Male,28.5,4,No,Ireland,515794
24,Male,34.5,4,Yes,China,398254
34,Male,34.5,2,No,Sweden,893146
23,Male,32.5,2,Yes,Nigeria,191639
45,Female,24.5,1,No,Australia,7880
28,Female,21.5,0,Yes,Pakistan,280868
53,Female,23.5,0,No,Poland,9029
20,Male,30.5,3,No,Turkey,823609
50,Male,25.5,0,No,Vietnam,858566
46,Male,28.5,2,Yes,Mexico,408278
32,Female,22.5,4,Yes,Indonesia,83460
16,Female,20.5,4,No,Canada,80132
58,Female,26.5,0,No,New Zealand,150063
45,Male,30.5,2,Yes,Spain,176833
47,Male,34.5,2,No,China,962382
38,Female,28.5,1,No,Norway,513882
53,Male,19.5,4,Yes,Indonesia,415032
22,Female,29.5,3,No,Australia,407015
41,Female,29.5,2,No,Colombia,122807
22,Female,31.5,1,Yes,Chile,701280
61,Female,34.5,4,Yes,Austria,197627
47,Male,22.5,1,No,New Zealand,105605
66,Male,29.5,1,No,Norway,896412
24,Male,28.5,2,Yes,Spain,591548
44,Male,31.5,4,No,Australia,476101
25,Male,34.5,1,Yes,Italy,441206
61,Female,23.5,5,No,Sweden,909741
33,Male,31.5,2,Yes,Canada,825907
50,Female,30.5,3,Yes,Chile,596383
42,Female,24.5,3,No,India,690970
26,Male,26.5,3,No,Canada,309841
51,Female,32.5,4,Yes,Canada,696978
30,Male,22.5,1,Yes,Philippines,29054
28,Male,27.5,3,Yes,South Korea,630775
30,Male,18.5,2,No,Canada,275140
50,Female,30.5,2,Yes,Austria,570665
46,Male,18.5,2,Yes,Turkey,210766
56,Female,26.5,0,No,United States,905266
69,Male,26.5,1,Yes,Philippines,218497
54,Male,28.5,1,No,Russian Federation,643060
27,Female,30.5,3,No,China,304749
15,Male,22.5,0,No,Canada,81755
41,Male,30.5,1,No,Turkey,47498
44,Female,28.5,3,Yes,Poland,230651
66,Female,32.5,3,No,Chile,842569
62,Female,19.5,2,Yes,India,9048
27,Female,25.5,4,No,Russian Federation,202018
18,Male,25.5,1,Yes,Germany,453251
69,Male,31.5,1,Yes,Italy,565983
66,Male,27.5,3,No,Mexico,978309
43,Female,31.5,4,No,Singapore,103864
30,Female,24.5,2,Yes,Vietnam,995399
59,Male,32.5,3,Yes,Costa Rica,557522
34,Male,23.5,3,Yes,New Zealand,361678
28,Female,27.5,3,Yes,Colombia,688483
53,Female,29.5,2,Yes,Peru,185108
54,Female,30.5,0,Yes,Costa Rica,335565
62,Male,18.5,5,No,Australia,363633
36,Male,27.5,1,Yes,France,244647
32,Male,20.5,4,No,Mexico,99255
34,Male,23.5,0,Yes,Sweden,471103
39,Male,27.5,3,No,Brazil,170214
20,Female,31.5,1,Yes,Netherlands,343136
43,Male,27.5,0,Yes,Indonesia,223631
43,Female,18.5,4,No,Germany,546268
35,Female,27.5,3,No,New Zealand,161231
33,Female,31.5,0,No,Mexico,270362
19,Female,24.5,4,Yes,India,153856
19,Female,21.5,0,No,Spain,986690
48,Male,24.5,2,Yes,Canada,876342
32,Male,29.5,4,No,Australia,463719
41,Male,20.5,1,No,Russian Federation,436816
39,Male,33.5,1,Yes,India,365503
62,Female,19.5,5,Yes,Mexico,982908
61,Male,21.5,3,Yes,Spain,731754
37,Male,24.5,0,No,Mexico,105226
53,Female,19.5,2,Yes,Chile,797014
52,Male,27.5,0,Yes,Netherlands,487617
30,Female,23.5,3,Yes,Chile,690463
64,Male,23.5,3,Yes,Brazil,998032
34,Female,33.5,3,Yes,Poland,790647
60,Male,27.5,2,No,Costa Rica,991668
28,Male,22.5,5,Yes,Colombia,744178
63,Male,21.5,2,No,India,548668
62,Female,26.5,0,Yes,Singapore,944609
67,Male,22.5,1,No,Costa Rica,493350
50,Female,31.5,0,No,Nigeria,165395
29,Female,19.5,2,No,China,924707
59,Female,31.5,0,Yes,Netherlands,296905
24,Female,19.5,2,Yes,Netherlands,207243
27,Male,26.5,2,Yes,Costa Rica,603186
53,Male,30.5,0,No,Vietnam,455125
22,Male,20.5,3,No,Canada,604345
70,Male,27.5,2,Yes,Australia,876694
66,Male,33.5,1,Yes,India,514901
66,Female,32.5,4,Yes,South Korea,958908
34,Male,29.5,1,Yes,Belgium,808214
51,Male,33.5,5,No,France,812432
53,Female,30.5,1,Yes,Turkey,499100
49,Male,34.5,1,Yes,New Zealand,272591
21,Male,30.5,3,No,France,852759
28,Male,20.5,1,No,Russian Federation,249043
23,Female,33.5,3,Yes,Indonesia,51833
53,Male,24.5,3,Yes,Netherlands,290936
66,Female,26.5,1,Yes,Colombia,320392
66,Male,29.5,3,Yes,Italy,462523
31,Male,25.5,0,Yes,Brazil,186879
35,Male,30.5,2,No,United Kingdom,296050
69,Male,25.5,2,No,Philippines,844496
37,Male,26.5,3,Yes,Russian Federation,692017
45,Female,32.5,4,No,Nigeria,47023
18,Male,32.5,3,No,Singapore,751618
64,Female,21.5,4,No,United Kingdom,703814
52,Male,18.5,5,Yes,Colombia,195968
34,Male,23.5,4,No,Austria,63558
48,Male,21.5,0,No,Peru,863808
65,Female,28.5,0,No,South Africa,393154
42,Male,30.5,3,Yes,India,107294
40,Female,27.5,2,No,Austria,980188
32,Female,34.5,5,Yes,Ukraine,178870
20,Female,24.5,0,No,New Zealand,927306
38,Female,33.5,0,No,Singapore,101570
17,Male,34.5,0,Yes,Indonesia,207579
60,Female,26.5,1,No,Sweden,85564
48,Male,31.5,3,Yes,Spain,770891
33,Female,34.5,5,No,Peru,785443
22,Female,31.5,3,No,Netherlands,429900
66,Female,21.5,1,No,Canada,576850
67,Male,22.5,4,No,Poland,528294
58,Male,21.5,4,No,Brazil,252234
27,Male,20.5,5,No,Ireland,81132
67,Male,33.5,3,Yes,Ukraine,32153
40,Male,33.5,1,Yes,Germany,507420
40,Male,21.5,3,Yes,Colombia,922251
61,Female,33.5,3,Yes,Russian Federation,740283
36,Female,23.5,1,No,Austria,706812
60,Male,34.5,3,Yes,New Zealand,655799
58,Female,24.5,1,No,Chile,624929
47,Female,27.5,0,Yes,Vietnam,989760
29,Female,19.5,4,No,United Kingdom,539386
48,Female,34.5,3,No,Austria,43391
55,Female,20.5,4,No,United States,283790
23,Female,20.5,4,Yes,Brazil,395101
34,Male,21.5,4,Yes,New Zealand,900221
32,Male,29.5,1,Yes,Russian Federation,59174
46,Male,31.5,4,No,Pakistan,822752
32,Male,29.5,2,No,Russian Federation,894949
40,Male,22.5,4,No,Italy,753169
45,Female,25.5,1,No,Austria,806216
64,Male,30.5,1,Yes,Canada,948352
64,Female,33.5,3,No,Costa Rica,688613
34,Female,31.5,3,No,Italy,748340
68,Female,25.5,2,Yes,South Korea,380245
50,Female,29.5,5,Yes,South Africa,455041
33,Female,33.5,2,No,Mexico,433985
37,Female,19.5,3,Yes,India,647041
28,Female,23.5,4,No,Vietnam,892364
49,Male,27.5,4,Yes,Costa Rica,471942
61,Male,34.5,4,No,Canada,927109
57,Female,29.5,5,Yes,United Kingdom,674666
28,Male,31.5,0,Yes,Vietnam,46373
45,Female,30.5,4,No,Indonesia,781110
51,Male,23.5,2,Yes,Spain,133365
65,Male,32.5,4,No,Mexico,757606
30,Female,27.5,0,Yes,Philippines,600515
41,Male,25.5,0,No,Germany,550260
55,Male,29.5,2,No,Peru,652629
69,Female,23.5,2,Yes,Singapore,941803
19,Female,34.5,0,Yes,Spain,344925
33,Male,23.5,3,Yes,Vietnam,347053
68,Female,21.5,4,No,Peru,436212
27,Male,21.5,5,No,Germany,941635
68,Male,19.5,5,Yes,Sweden,962691
56,Female,22.5,0,Yes,Costa Rica,295489
68,Male,34.5,5,Yes,Poland,922954
62,Male,22.5,2,Yes,South Korea,738273
44,Male,33.5,1,No,Colombia,420302
54,Female,34.5,4,No,Ireland,300910
23,Female,33.5,3,Yes,Costa Rica,186632
67,Female,19.5,5,No,Turkey,490253
45,Male,28.5,2,No,Belgium,482727
62,Female,19.5,2,Yes,Brazil,190411
66,Male,23.5,1,Yes,Ireland,906296
53,Male,31.5,0,Yes,Indonesia,713176
67,Male,25.5,4,No,Peru,505296
63,Female,23.5,3,No,Ukraine,100539
18,Female,23.5,4,No,South Korea,260107
39,Female,31.5,1,No,Nigeria,369282
37,Male,33.5,1,No,United Kingdom,618834
22,Male,30.5,2,Yes,Sweden,462052
21,Male,28.5,3,No,Pakistan,771384
62,Female,31.5,3,Yes,Pakistan,48704
34,Female,20.5,1,No,Sweden,912969
67,Female,31.5,4,Yes,Austria,874531
45,Male,33.5,3,Yes,Ukraine,443475
33,Male,21.5,5,No,South Korea,460909
70,Female,27.5,1,No,Australia,62221
58,Female,21.5,4,Yes,Singapore,255177
45,Female,24.5,3,Yes,Singapore,324325
26,Male,23.5,3,Yes,Philippines,527385
40,Female,26.5,1,No,United States,749945
50,Female,23.5,1,No,Spain,517426
37,Female,23.5,5,Yes,Netherlands,284431
22,Female,22.5,2,No,Ukraine,6450
68,Female,29.5,3,No,Pakistan,939669
57,Male,21.5,1,No,China,525043
40,Female,19.5,1,No,Italy,488517
22,Female,34.5,3,Yes,Mexico,612252
31,Male,31.5,4,No,Germany,272167
21,Female,21.5,5,No,India,306990
46,Female,26.5,1,Yes,Peru,150649
46,Female,19.5,0,Yes,Canada,328239
28,Male,22.5,3,Yes,Germany,274823
66,Male,28.5,3,No,China,84390
68,Male,24.5,4,No,Russian Federation,887803
32,Male,28.5,3,No,Sweden,215358
68,Female,34.5,3,Yes,Costa Rica,284286
31,Female,31.5,2,No,Russian Federation,956847
18,Male,27.5,4,Yes,Peru,547757
70,Female,19.5,0,No,Philippines,734612
26,Male,26.5,2,No,Ukraine,792329
31,Female,22.5,5,Yes,Nigeria,781160
61,Female,19.5,3,Yes,Colombia,152960
58,Male,19.5,5,Yes,China,653591
61,Male,25.5,5,No,Turkey,320901
17,Female,30.5,1,Yes,Sweden,44714
18,Male,30.5,0,No,Spain,392852
16,Female,27.5,2,Yes,Poland,565953
37,Female,31.5,0,Yes,Ireland,479456
48,Male,28.5,4,No,Chile,851436
58,Female,22.5,0,No,Costa Rica,522361
53,Male,28.5,1,Yes,Pakistan,28516
29,Male,24.5,3,Yes,Chile,57312
60,Female,33.5,2,No,Belgium,287420
26,Male,25.5,2,Yes,Spain,931908
60,Female,24.5,0,Yes,Australia,127587
26,Female,28.5,1,Yes,South Africa,270936
42,Male,24.5,1,Yes,Netherlands,210013
43,Female,19.5,3,No,New Zealand,369487
54,Male,32.5,5,No,Peru,447056
27,Female,24.5,4,No,Ireland,745320
29,Male,19.5,4,Yes,France,80410
70,Male,31.5,1,No,Mexico,287402
18,Female,29.5,5,Yes,Singapore,682948
33,Female,33.5,5,No,Mexico,59719
23,Female,27.5,2,Yes,South Korea,674575
19,Female,18.5,1,No,China,974394
39,Male,29.5,1,Yes,Italy,211813
53,Male,21.5,5,Yes,Turkey,942109
29,Male,29.5,2,Yes,China,422477
51,Female,29.5,2,No,South Africa,326466
62,Female,23.5,4,Yes,Netherlands,259898
62,Male,23.5,1,No,Netherlands,525897
33,Female,18.5,2,Yes,Sweden,201592
20,Female,21.5,2,No,Chile,781640
23,Male,32.5,0,Yes,China,315374
46,Female,23.5,3,No,Germany,704799
58,Male,21.5,4,Yes,Pakistan,807321
24,Female,34.5,3,Yes,Nigeria,480768
60,Male,32.5,1,Yes,New Zealand,277886
41,Male,28.5,0,Yes,Colombia,733542
41,Male,29.5,1,Yes,United States,52508
46,Male,21.5,1,No,Nigeria,319712
46,Female,29.5,5,No,Nigeria,464974
26,Female,30.5,5,Yes,Brazil,532092
69,Male,26.5,4,Yes,Costa Rica,749738
51,Female,25.5,3,Yes,Poland,196532
15,Female,32.5,3,No,Spain,288531
63,Male,21.5,4,No,Indonesia,809689
60,Female,30.5,1,No,Russian Federation,496133
28,Female,18.5,2,Yes,New Zealand,358615
68,Female,28.5,5,Yes,France,436346
56,Female,34.5,5,Yes,Vietnam,546280
69,Male,28.5,4,No,United States,706216
50,Male,21.5,3,Yes,Austria,247244
46,Male,30.5,5,No,Netherlands,211646
24,Female,32.5,1,No,New Zealand,42817
65,Female,21.5,4,Yes,Germany,301047
60,Female,18.5,1,Yes,Norway,85757
63,Male,33.5,1,No,Pakistan,689599
50,Female,22.5,5,No,Germany,740891
46,Male,32.5,1,No,France,547908
36,Male,20.5,2,No,Singapore,621804
46,Female,29.5,2,Yes,Chile,935182
61,Male,22.5,4,No,Germany,296015
66,Male,20.5,3,Yes,United Kingdom,534900
22,Male,32.5,4,No,Spain,755149
59,Male,19.5,4,No,Chile,430845
63,Female,32.5,5,Yes,United States,888628
19,Male,19.5,1,Yes,South Korea,662987
62,Male,19.5,5,No,Peru,726255
39,Male,25.5,2,Yes,United States,673049
43,Female,34.5,1,Yes,Brazil,439825
35,Female,31.5,1,No,Sweden,395059
62,Female,19.5,3,No,South Korea,681643
21,Female,22.5,4,Yes,Norway,806100
49,Female,31.5,0,Yes,South Korea,268712
18,Male,29.5,5,Yes,Turkey,607108
33,Male,25.5,2,Yes,Chile,174695
57,Female,20.5,4,Yes,Nigeria,448195
43,Male,23.5,3,No,Colombia,488614
39,Female,22.5,3,No,Netherlands,972397
27,Female,23.5,3,No,India,684539
34,Male,25.5,2,No,Mexico,801111
51,Male,18.5,1,No,Spain,994247
53,Female,33.5,2,Yes,Poland,831710
26,Female,29.5,3,No,Sweden,564609
48,Female,26.5,0,No,Nigeria,528056
27,Female,22.5,3,Yes,Colombia,455245
51,Male,33.5,3,No,Costa Rica,308736
52,Male,29.5,3,No,Russian Federation,542604
24,Female,19.5,1,No,Mexico,871168
28,Male,28.5,2,Yes,United Kingdom,836002
21,Female,19.5,3,Yes,Netherlands,833392
68,Female,28.5,2,No,Costa Rica,127295
45,Female,29.5,1,No,China,898385
20,Male,19.5,2,No,Austria,621327
70,Female,29.5,1,Yes,Chile,321880
40,Male,27.5,2,No,Poland,106628
70,Male,24.5,2,Yes,Mexico,102219
24,Female,25.5,0,Yes,Australia,910104
29,Male,33.5,2,Yes,China,167657
35,Male,19.5,4,No,Vietnam,177082
57,Female,30.5,4,No,New Zealand,596881
56,Male,33.5,5,Yes,Mexico,916861
25,Male,34.5,2,Yes,India,129413
21,Male,29.5,0,Yes,Nigeria,71863
39,Female,29.5,5,No,India,421782
25,Male,25.5,2,Yes,Poland,231172
68,Male,24.5,2,No,Nigeria,894213
48,Female,34.5,3,No,Ireland,460046
59,Male,20.5,5,No,Russian Federation,88197
55,Female,30.5,0,Yes,Canada,401211
26,Male,29.5,5,Yes,United States,866740
24,Female,22.5,4,No,Chile,216892
54,Male,24.5,3,No,China,311523
37,Male,29.5,3,Yes,Netherlands,852083
46,Female,31.5,5,No,Canada,528279
18,Male,30.5,1,No,Turkey,75909
62,Female,34.5,3,No,Austria,414298
30,Female,34.5,5,No,United States,205960
44,Female,20.5,2,Yes,Italy,906601
54,Female,27.5,1,Yes,Russian Federation,171558
50,Male,23.5,3,No,Vietnam,391666
38,Male,24.5,3,Yes,Poland,394301
65,Female,25.5,0,Yes,Sweden,733448
46,Female,32.5,3,Yes,Canada,143182
66,Female,32.5,5,Yes,Vietnam,531652
55,Female,28.5,3,No,Indonesia,131622
32,Female,29.5,1,No,India,694590
20,Male,18.5,5,Yes,United States,416304
51,Female,19.5,1,Yes,Norway,579108
38,Male,31.5,1,No,Turkey,600655
70,Female,30.5,3,No,Sweden,344291
69,Female,29.5,3,Yes,Poland,286457
58,Female,34.5,1,Yes,United Kingdom,768721
58,Female,24.5,5,Yes,India,745270
60,Male,21.5,1,No,Austria,305056
30,Female,29.5,2,No,Norway,80550
16,Male,20.5,1,No,Brazil,156746
24,Male,24.5,1,No,Turkey,395416
