Artist,Country,period_active,Year,Genre,TCU_in_million,Sales_in_miliion 
The Beatles,United Kingdom,1960–1970,1962,Rock / pop,290.4,600
Elvis Presley,United States,1954–1977,1956,Rock and roll / pop / country,231.2,500
Michael Jackson,United States,1964–2009,1971,Pop / rock / dance / soul / R&B,277.3,400
Elton John,United Kingdom,1964–present,1970,Pop / rock,208,300
Queen,United Kingdom,1971–present,1973,Rock,184,300
Madonna,United States,1979–present,1983,Pop / dance / electronica,181.7,300
Led Zeppelin,United Kingdom,1968–1980,1969,Hard rock / blues rock / folk rock,142.4,300
Rihanna,Barbados,2005–present,2005,R&B / pop / dance / hip-hop,335.3,250
Pink Floyd,United Kingdom,"1965–1996, 2005, 2012–2014",1967,Progressive rock / psychedelic rock,123.8,250
Eminem,United States,1996–present,1999,Hip-hop,325.7,220
Mariah Carey,United States,1988–present,1990,R&B / pop / soul / hip-hop,205.8,220
Taylor Swift,United States,2006–present,2006,Pop / country / rock / folk / alternative,250.4,200
Beyoncé,United States,1997–present,2002,R&B / pop,226.5,200
Whitney Houston,United States,1977–2012,1984,R&B / soul / pop / gospel,155.3,200
Eagles,United States,"1971–1980, 1994–present",1972,Rock,152.2,200
Celine Dion,Canada,1981–present,1981,Pop / Rock,143,200
AC/DC,Australia,1973–present,1975,Hard rock / blues rock / rock and roll,130.2,200
The Rolling Stones,United Kingdom,1962–present,1963,Rock / blues rock,102.7,200
Drake,Canada,2001–present,2009,Hip-hop / R&B / pop,413.06,170
Garth Brooks,United States,1989–present,1989,Country,165.3,170
Kanye West,United States,1996–present,2003,Hip-hop / electronic / pop,258.3,160
Billy Joel,United States,1964–present,1971,Pop / rock,134.4,160
Justin Bieber,CanadaUnited States,2008–present,2009,Pop / teen pop / dance pop,277.9,150
Ed Sheeran,United Kingdom,2004–present,2011,Pop / folk pop,246.7,150
Bruno Mars,United States,2004–present,2010,Pop rock / R&B,203.6,150
Bruce Springsteen,United States,1972–present,1973,Rock,127.9,150
U2,Ireland,1976–present,1980,Rock,114.6,150
Aerosmith,United States,1970–present,1973,Hard rock,104.8,150
Phil Collins,United Kingdom,"1980–2011, 2015–present",1981,Rock / progressive rock / adult contemporary,99.4,150
Barbra Streisand,United States,1960–present,1963,Pop / adult contemporary,98.4,150
ABBA,Sweden,"1972–1982, 2016–present",1972,Pop / disco,69,150
Frank Sinatra,United States,"1935–1971, 1973-1995",1940,Pop / swing / easy listening,40.2,150
Katy Perry,United States,2001–present,2008,Pop,172.9,143
Chris Brown,United States,2005–present,2005,Pop / R&B / hip-hop,199.7,140
Jay-Z,United States,1996–present,1996,Hip-hop,136.4,125
Metallica,United States,1981–present,1983,Heavy metal / thrash metal,105.6,125
Lady Gaga,United States,2005–present,2008,Pop / dance / electronic,159,124
Lil Wayne,United States,1996–present,1999,Hip-hop,188.7,120
Maroon 5,United States,1994–present,2002,Pop rock / funk rock / dance-pop,142.6,120
Adele,United Kingdom,2006–present,2008,Pop / soul,135.4,120
Red Hot Chili Peppers,United States,1983–present,1987,Funk rock / alternative rock,99.8,120
Fleetwood Mac,United Kingdom United States,1967–present,1968,Rock / pop,94.4,120
Bon Jovi,United States,1983–present,1983,Hard rock / glam metal,88.7,120
Rod Stewart,United Kingdom,1964–present,1969,Rock / pop,84.9,120
Bee Gees,United Kingdom Australia[238][239],1963–20032009–2012,1963,Pop / disco,74.7,120
Nicki Minaj,Trinidad and Tobago,2008–present,2010,Hip-hop / pop,156.3,100
Coldplay,United Kingdom,1996–present,1999,Alternative rock / pop rock / pop,109.4,100
Linkin Park,United States,1996–present,2000,Alternative rock / nu metal / rap rock,101.8,100
George Strait,United States,1981–present,1984,Country,99.8,100
Pink,United States,1995–present,2000,Pop / pop rock / R&B,90.8,100
Britney Spears,United States,1998–present,1998,Pop / dance / dance-pop,88.7,100
B'z,Japan,1988–present,1988,Rock / pop rock / hard rock,86.2,100
Shania Twain,Canada,1993–present,1993,Country pop,84.8,100
Guns N' Roses,United States,1985–present,1987,Hard rock / heavy metal,80.409,100
Backstreet Boys,United States,1993–present,1995,Pop,78,100
Eric Clapton,United Kingdom,1962–present,1970,Rock / blues,71.6,100
Neil Diamond,United States,1966–present,1966,Pop / rock,71.1,100
Prince,United States,1976–2016,1978,Funk / R&B / pop / soul / rock,66.3,100
Journey,United States,1973–present,1975,Rock / soft rock,65.2,100
Paul McCartney,United Kingdom,1960–present,1970,Rock,66,100
Janet Jackson,United States,1982–present,1982,R&B / pop,65.3,100
Kenny Rogers,United States,1958–2020,1975,Country / pop,64.7,100
Santana,United States,1966–present,1969,Rock,62.8,100
Simon & Garfunkel,United States,1956–2004,1964,Folk rock,62.1,100
George Michael,United Kingdom,1981–2016,1984,Pop,52.8,100
Julio Iglesias,Spain,1968–present,1968,Latin,51.7,100
Dire Straits,United Kingdom,1977–1995,1978,Rock,51.7,100
The Doors,United States,1965–1973,1967,Psychedelic rock,50.5,100
Foreigner,United StatesUnited Kingdom,1976–present,1977,Rock / hard rock,50.4,100
Chicago,United States,1967–present,1969,Rock / pop,48.5,100
Bob Dylan,United States,1959–present,1963,Folk / rock,47.9,100
The Carpenters,United States,1969–1983,1969,Pop,46.7,100
Meat Loaf,United States,1968–2022,1977,Rock / hard rock,46.6,100
"Earth, Wind & Fire",United States,1969–present,1971,Funk / R&B / soul,44.7,100
Cher,United States,1964–present,1965,Pop / rock / dance / folk,43.1,100
Def Leppard,United Kingdom,1977–present,1979,Hard rock / heavy metal,42.6,100
Genesis,United Kingdom,1967–19992006–present,1969,Progressive rock / pop rock,40.3,100
David Bowie,United Kingdom,1962–2016,1967,Art rock / glam rock / pop,41.5,100
Stevie Wonder,United States,1961–present,1962,Funk / R&B / soul,38.9,100
James Taylor,United States,1968–present,1970,Rock / pop,36.5,100
Tina Turner,United States,1958–2009,1960,Rock / pop,36.4,100
Olivia Newton-John,Australia,1966–2022,1966,Pop,36.1,100
Linda Ronstadt,United States,1967–2011,1968,Rock / folk / country,33.2,100
The Beach Boys,United States,1961–present,1962,Rock / pop / surf rock,32.7,100
Donna Summer,United States,1968–2012,1974,Pop / disco / R&B,31.3,100
Alicia Keys,United States,1996–present,2001,Hip-hop / R&B / pop,85.9,90
Christina Aguilera,United States,1993–present,1998,R&B / pop / rock,76.6,100
Lionel Richie,United States,1968–present,1981,Pop / R&B,43,90
Johnny Cash,United States,1954–2003,1956,Country / rock and roll / gospel,32.2,90
Justin Timberlake,United States,1992–present,2002,Pop / R&B / neo soul,83,88
Ariana Grande,United States,2008–present,2013,Pop / R&B,143.2,85
R.E.M.,United States,1980–2011,1983,Alternative rock,45.3,85
Post Malone,United States,2013–present,2015,Pop / R&B / hip-hop,207,80
Flo Rida,United States,2007–present,2007,Hip-hop / hip house /EDM,85,80
Usher,United States,1991–present,1994,R&B / pop,76.6,80
Shakira,Colombia,1988–present,1995,Latin pop / pop / pop rock,75,80
Tim McGraw,United States,1990–present,1994,Country,72.3,80
The Black Eyed Peas,United States,1995–present,1998,Hip-hop / R&B / dance,69.8,80
Van Halen,United States,1978–2020,1978,Hard rock / heavy metal,65.2,80
Ayumi Hamasaki,Japan,1998–present,1998,J-pop / pop / dance / electronic,64.5,80
Tom Petty,United States,1976–2017,1977,Rock,36,80
Johnny Hallyday,France,1957–2017,1960,Rock / pop,28.9,80
The Weeknd,Canada,2010–present,2013,Pop / R&B,213.4,75
Imagine Dragons,United States,2008–present,2012,Pop rock / electropop / pop,124.4,75
Luke Bryan,United States,2001–present,2007,Country / country pop,84.5,75
Tupac Shakur,United States,1991–1996,1991,Hip-hop,60.1,75
Alabama,United States,1972–present,1980,Country / pop rock,58,75
R. Kelly,United States,1989–2019,1991,R&B / soul / hip-hop,56.8,75
Nirvana,United States,1987–1994,1990,Grunge / alternative rock,56,75
Robbie Williams,United Kingdom,1990–present,1996,Pop rock,55.9,75
Bob Seger,United States,1961–present,1967,Rock / Hard rock/ Pop rock,55.3,75
Kenny G,United States,1982–present,1984,Smooth jazz,53.9,75
Green Day,United States,1987–present,1994,Punk rock / pop punk / alternative rock,53,75
Enya,Ireland,1982–present,1987,New-age / Celtic,51.9,75
Bryan Adams,Canada,1979–present,1979,Rock,49.9,75
Bob Marley,Jamaica,1962–1981,1975,Reggae,46.3,75
The Police,United Kingdom,1977–19862007–2008,1978,Pop / rock,42.2,75
Gloria Estefan,United States,1975–present,1984,Latin pop / dance pop,37.6,75
Barry Manilow,United States,1973–present,1973,Pop / soft rock,36.7,75
Kiss,United States,1972–present,1974,Hard rock / heavy metal,28.7,75
Aretha Franklin,United States,1956–2018,1961,Soul / jazz / blues / R&B,26.6,75
